case_id,seq,label,date,name,code,tag_main,tag_sub,tag_full,g_ref,source,evidence
CASE-0001,1,실패,2023-03-16,서진오토모티브,122690,상따,상한가풀림,상따/상한가풀림,G4125,6-1권 p.106 / G4125 + KRX 실측,"전일종가 3,230 → 상한가 4,199 / 실측 H **4,195** L 3,025 C 3,905 (**+20.9%**) = 상한가권 도달 후 풀림"
CASE-0002,2,실패,2023-03-16,에이에프더블류,312610,상따,상한가풀림,상따/상한가풀림,G4125,6-1권 p.106 / G4125 + KRX 실측,"전일종가 3,705 → 상한가 4,816 / 실측 H **4,815** L 3,550 C 4,345 (**+17.27%**) = 고점 도달 후 종가까지 우하향"
CASE-0003,3,실패,2024-04-12,엔터파트너즈,058450,상따,상한가풀림,상따/상한가풀림,G4126,6-1권 p.107 / G4126 + KRX 실측,"전일종가 4,550 → 상한가 5,915 / 실측 H **5,910** L 5,000 C 5,400 (**+18.68%**) = 상한가 도달 후 풀림"
CASE-0004,4,실패,2024-04-11,이스타코,015020,상따,상한가풀림,상따/상한가풀림,G4126,6-1권 p.107 / G4126 + KRX 실측,"실측 H **1,003** L **772** C 892 (+15.54%) = 노트 기록(최고 1,003 09:10 / 최저 772 15:30)과 완전 일치"
CASE-0005,5,실패,2023-03-14,일진전기,103590,상따,손절기준,상따/손절기준,G4128;G4130;G4131,6-1권 p.109~112 / G4128·G4130·G4131 + KRX 실측,"실측 H **6,690** L **4,825** C 5,430 (**+5.44%**) = 노트 3개 수치 완전 일치. 고점→종가 -18.8%, 고점→저가 -27.9% (저자 ""-20% 이상 하락"" 서술)"
CASE-0006,6,실패,2024-04-08,세기상사,002420,상따,상한가마감,상따/상한가마감,G4132,6-1권 p.113 / G4132 + KRX 실측,"실측 H **7,250** L 5,530 C **7,250** (**+29.93%**) = **상한가 마감**. ※노트 최저 5,528은 판독 2자리 오차(실측 5,530). ★실측은 상한가 마감이나 저자 제시 목적은 whipsaw 리스크 예시 → 라벨 정의(저자 목적 기준)에 따라 실패. 최종 상한가 마감 사실은 2회 재도전 규칙(G4135) 적용 시 결과가 갈릴 수 있음을 보여주는 근거로 보존"
CASE-0007,7,실패,2024-04-09,솔루스첨단소재,336370,상따,상한가마감,상따/상한가마감,G4132,6-1권 p.113 / G4132 + KRX 실측,"실측 H=C **19,900** (**+29.98%**) = **상한가 마감**. 노트 ""최고 19,900(15:00)·네모박스=고점 부근 상단 횡보""와 정합. ★실측은 상한가 마감이나 저자 제시 목적은 whipsaw 리스크 예시 → 라벨 정의(저자 목적 기준)에 따라 실패. 최종 상한가 마감 사실은 2회 재도전 규칙(G4135) 적용 시 결과가 갈릴 수 있음을 보여주는 근거로 보존"
CASE-0008,8,실패,2024-04-05,중앙에너비스,000440,상따,상한가반복풀림,상따/상한가반복풀림,G4134,6-1권 p.114 / G4134 + KRX 실측,"실측 O 19,410 / **H=C 23,600** / L 19,410 (**+29.81%, 상한가 마감**). 전일 04/04: H 18,590 / L 18,010 / C 18,180 (-2.26%) — ★노트 최저 18,010(15:15)은 **04/04 값**. ★라벨=실패: 저자가 whipsaw 리스크 예시로 제시(라벨 정의=저자 목적), 실측 상한가 마감은 보존"
CASE-0009,9,실패,2024-04-02,씨엔알리서치,359090,상따,상한가반복풀림,상따/상한가반복풀림,G4134,6-1권 p.114 / G4134 + KRX 실측,"실측 O 1,246 / **H=C 1,602** / L 1,229 (**+29.93%, 상한가 마감**) — 노트 최고·최저·현재가와 완전 일치. ★라벨=실패(저자 whipsaw 예시), 실측 상한가 마감 보존"
CASE-0010,10,실패,2024-04-02,강스템바이오텍,217730,상따,상한가반복풀림,상따/상한가반복풀림,G4136,6-1권 p.116 / G4136 + KRX 실측,"실측 O 1,919 / **H=C 2,460** / L 1,894 (**+29.82%, 상한가 마감**). 전일 04/01: L 1,860 / C 1,895. ★★최저 1,886(13:12)=**구간 최저이지 일봉 저가 아님**(04/01 L 1,860·04/02 L 1,894 어느 것과도 불일치=분봉 구간값, 삼성제약 2,575·서남 7,930과 동일 유형). ★라벨=실패(저자 whipsaw 예시), 실측 상한가 마감 보존"
CASE-0011,11,성공,2022-09-14,코리아에스이,101670,낙폭과대(낙주),화살표일,낙폭과대(낙주)/화살표일,G4909,"스윙 3권 03_3권 p.322 / G4909 + KRX 실측(2026-08-05 대조, 전 항목 일치)","화살표 정보 박스: O 11,750(+5.38%) / H 12,050(+8.07%) / L 9,250(-17.04%) / C 9,800(-12.11%) / 거래대금 78,628백만(+171%). 재료=태풍 힌남노·지피클럽 피인수·리튬. ★낙폭과대 화살표일(장대음봉)→익일 단기 바닥 후 상한가(저자 ""낙주 매매 가능"" 사례로 제시=성공)"
CASE-0012,12,성공,2022-09-19,금양,001570,낙폭과대(낙주),화살표일,낙폭과대(낙주)/화살표일,G4910,"스윙 3권 03_3권 p.325 / G4910 + KRX 실측(2026-08-05 대조, 전 항목 일치)","화살표 정보 박스: O 20,750(+0.97%) / H 20,850(+1.46%) / L 16,100(-21.65%) / C 17,300(-15.82%) / 거래대금 203,836백만(+208%). 재료=2차전지 매출 급증. ★익일 단기 바닥 후 상승(저자 낙주 가능 사례=성공)"
CASE-0013,13,성공,2022-09-26,한미글로벌,053690,낙폭과대(낙주),화살표일,낙폭과대(낙주)/화살표일,G4910,"스윙 3권 03_3권 p.326 / G4910 + KRX 실측(2026-08-05 대조, 전 항목 일치)","화살표 정보 박스: O 23,650(-1.87%) / H 23,750(-1.45%) / L 19,750(-18.05%) / C 19,900(-17.43%) / 거래대금 54,602백만(+51%). 재료=네옴시티. ★익일 단기 바닥 후 상승(저자 낙주 가능 사례=성공)"
CASE-0014,14,성공,2022-04-05,이브이첨단소재,131400,차트 방향 전환,거래대금 유입,차트 방향 전환/거래대금 유입,G4921,"스윙 4권 04_4권 p.036 / G4921 (저자 전사 정보 박스, KRX 대조 대기)","O 2,065(+4.03%)·H 2,140(+7.81%)·L 1,880(-5.29%)·C 1,895(-4.53%)·거래량 12,302,809(+25.69%)·거래대금 24,591백만(245.91억, +25.82%). 재료=프롤로지움 이륜차용 교체형 전고체 배터리 프로토타입(일정 없는 모멘텀 재료). ★기준봉(2022/03/15 출현) 후 처음 대량 수급 유입일 = 차트 방향 전환(하락→상승) 신호. 저자 제시 목적=방향 전환 매매 기회 사례=성공(당일 종가 -4.53%는 근거 수치에 병기). ★스윙 4권 첫 등록 CASE(사용자 ② 규칙: 4권 사례 즉시 등록)"
CASE-0015,15,성공,2022-06-24,신화인터텍,056700,거래대금 유입,방향 전환,거래대금 유입/방향 전환,G4922,"스윙 4권 04_4권 p.038 / G4922 (저자 전사 정보 박스, KRX 대조 대기)","06/24(금) O 3,120 H 3,410 L 3,085 C 3,285(+4.29%)·거래량 12,767,230·거래대금 41,776백만 / 2차 유입 06/29(수) O 3,945 H 4,210 L 3,860 C 3,980(0.00%)·거래대금 45,697백만. 재료=美 빅테크 스마트 글라스 개발+내년 양산 대규모 투자(모멘텀). ★상한가 진입 후 2번 거래대금 유입=차트 방향 전환 매매 기회(저자 성공 사례). ※기존 3권 기준봉 시가 바닥 후보였으나 4권 정보 박스로 코드·OHLC 완비되어 확정. ※07월 유입 다음 날 하락 사례도 존재(부칙 P-2 양면 검증 대상)"
CASE-0016,16,성공,2022-09-14,푸른저축은행,007330,돌파 매매 흐름⑤,갭상승 돌파(아랫꼬리),돌파 매매 흐름⑤/갭상승 돌파(아랫꼬리),G4978,"스윙 5권 05_5권 p.046 / G4978 (저자 전사 정보 박스, KRX 대조 대기)","09/14(수) O 14,450(+18.93%)·H 15,200(+25.10%)·L 13,300(+9.47%)·C 13,950(+14.81%)·거래량 4,204,291(+1,798.15%)·거래대금 60,843백만(608억, +2,134.09%)·LC 45.31%·HC -34.51%. 전고점선 13,749. ★기준봉 종가 부근 횡보 고점을 갭상승으로 한 번에 돌파→차익실현으로 아랫꼬리 형성(저가 13,300이 전고점선 부근). 저자 제시=갭상승 돌파 캔들 아랫꼬리 공략 매수 사례=성공"
CASE-0017,17,성공,2022-08-31,대명에너지,389260,돌파 매매 흐름⑤,갭상승 돌파(아랫꼬리),돌파 매매 흐름⑤/갭상승 돌파(아랫꼬리),G4978,"스윙 5권 05_5권 p.047 / G4978 (저자 전사 정보 박스, KRX 대조 대기)","08/31(수) O 31,000(+8.39%)·H 33,250(+16.26%)·L 28,700(+0.35%)·C 29,350(+2.62%)·거래량 4,481,755(+390.51%)·거래대금 138,973백만(1,390억, +428.56%)·LC 134.80%·HC -11.73%. 전고점선 29,754. ★푸른저축은행과 동일 패턴=기준봉 후 고점 갭상승 돌파→아랫꼬리(저가 28,700이 전고점선 부근). 저자 제시=아랫꼬리 공략 매수 사례=성공"
CASE-0018,18,성공,2023-03-17,라온텍,418420,낙폭과대(데이트레이딩),상한가풀림(유형1),낙폭과대(데이트레이딩)/상한가풀림(유형1),G3479;G3497;G3499;G3500,5-2권 부속 S12 p.4·16·17·18 / G3479·G3497·G3499·G3500 + KRX 실측,"발생일 03/17 실측 O 5,680 / H **7,250** / L 5,580 / C 6,840 (**+22.58%**), 거래대금 169,263백만. 장중 고점 7,250(노트 분봉 최고 7,250 일치)→종가 부근 급락 종가배팅 매수, 03/20(월) 시초 분할 매도 +3~4%. 교차확인: 03/20 H **7,610**·거래대금 **141,360백만**(노트 전사값 정확 일치), 03/10 L **4,855**(노트 일치). 신규 상장주(2023-02 상장)"
CASE-0019,19,성공,2023-07-14,비에이치아이,083650,낙폭과대(데이트레이딩),전날상한가+시초급락(유형4-1),낙폭과대(데이트레이딩)/전날상한가+시초급락(유형4-1),G3484;G3514,5-2권 부속 S12 p.7·27 / G3484·G3514 + KRX 실측,"전날 07/13 상한가 마감 O 8,640 / H=C **11,160** (**+29.92%**). 발생일 07/14 실측 O 10,800 / H **11,670** / L 9,860 / C 11,050 (-0.99%): 시초 하락(장중 고점 11,670=노트 분봉 최고 일치)→저점 매수→반등 분할 매도. ※노트 분봉 최저 9,150은 일봉 저가 9,860과 불일치(분봉 판독오차, 근거=KRX 우선). S11 G3468~G3470 동일 종목"
CASE-0020,20,성공,2023-11-17,휴림에이텍,078590,낙폭과대(데이트레이딩),장막판급락(유형3),낙폭과대(데이트레이딩)/장막판급락(유형3),G3509;G3511,5-2권 부속 S12 p.24·25 / G3509·G3511 + KRX 실측,2거래일 전 11/15 상한가 마감 (**+29.95%**)·11/16 **+16.70%** 수급 유입 상승 → 발생일 11/17 실측 O 555 / H **694** / L 503 / C 564 (+2.17%): 장중 고점 694(노트 분봉 최고 694 일치)→종가 부근 급락. 동시호가 약 -2.25% 매수→익일 +5% 수익권 매도. ※'이베스트 거래원 제외' 조건 언급 사례
CASE-0021,21,성공,2022-08-03,아이스크림에듀,289010,낙폭과대(데이트레이딩),종가부근급락(유형4-2),낙폭과대(데이트레이딩)/종가부근급락(유형4-2),G3485;G3517,5-2권 부속 S12 p.8·29 / G3485·G3517 + KRX 실측,"전일 08/02 종가관리 급등 O 5,170 / H **6,430** / L 4,995 / C 5,800 (**+10.06%**)(장중 고점 6,430=노트 분봉 최고 일치). 발생일 08/03 실측 O 5,450 / H 6,240 / L 5,230 / C 5,470 (-5.69%): 시초 매수→장중 슈팅(H 6,240, 시초 대비 +14.5%) 매도. ※연도 2022 개별 실측(3월=2023/4월=2024 규칙 무관)"
CASE-0022,22,성공,2022-11-09,WI,073570,적정거래대금 데이트레이딩,눌림목·저점공략,적정거래대금 데이트레이딩/눌림목·저점공략,G3529;G3594,5-2권 부속 S14 p.4·47 / G3529·G3594 + KRX 실측,"발생일 11/09 실측 O 3,020 / H **3,495** / L **2,975** / C 3,335 (**+10.61%**): 분봉 최고 3,495·최저 2,975 노트 정확 일치. 1차 상승 급등→눌림목 분할 매수→상승 시 분할 매도. 차트매매 08 G533 동일 종목"
CASE-0023,23,성공,2023-08-02,코난테크놀로지,402030,적정거래대금 데이트레이딩,급등구간,적정거래대금 데이트레이딩/급등구간,G3531;G3546,5-2권 부속 S14 p.5·15 / G3531·G3546 + KRX 실측,"08/01 상한가 마감(+29.93%)·적정거래대금 183,264백만(기준선 183,301 근접). 발생일 08/02 실측 O 86,800 / H **96,700** / L 86,500 / C 90,600 (+1.8%): 분봉 최고 96,700 노트 일치. 분봉 최저 61,900=07/31 저가 일치"
CASE-0024,24,성공,2023-03-08,경동인베스트,012320,적정거래대금 데이트레이딩,시초급등,적정거래대금 데이트레이딩/시초급등,G3532;G3553,5-2권 부속 S14 p.6·20 / G3532·G3553 + KRX 실측,"발생일 03/08 실측 O 98,200 / H **111,600** / L 97,500 / C 111,600 (**+29.92%, 상한가 마감**): 분봉 최고 111,600 노트 일치. 시초 급등 매수. 03/07 저가 81,100(분봉 최저 85,700 근접)"
CASE-0025,25,성공,2023-03-21,셀바스헬스케어,208370,적정거래대금 데이트레이딩,VI직전·상한가진입,적정거래대금 데이트레이딩/VI직전·상한가진입,G3534,5-2권 부속 S14 p.7 / G3534 + KRX 실측,"발생일 03/21 실측 O 8,320 / H **10,980** / L **7,960** / C 10,980 (**+29.94%, 상한가 마감**): 분봉 최고 10,980·최저 7,960 노트 정확 일치. VI 직전 단타 진입→상한가 추가 매수"
CASE-0026,26,성공,2023-10-20,양지사,030960,적정거래대금 데이트레이딩,눌림목,적정거래대금 데이트레이딩/눌림목,G3535,5-2권 부속 S14 p.8 / G3535 + KRX 실측,"발생일 10/20 실측 O 17,450 / H **19,150** / L 16,080 / C 16,500 (-1.43%): 분봉 최고 19,150 노트 일치. 이평선 지지 눌림목 매수→반등 매도"
CASE-0027,27,성공,2023-10-18,휴니드,005870,적정거래대금 데이트레이딩,눌림목·고점돌파,적정거래대금 데이트레이딩/눌림목·고점돌파,G3537;G3589,5-2권 부속 S14 p.9·44 / G3537·G3589 + KRX 실측,"발생일 10/18 실측 O 7,740 / H **9,720** / L 7,370 / C 9,270 (**+21.97%**): 분봉 최고 9,720·최저 7,370(노트 7,340 근접) 일치. 방산 테마. 오전 1차 상승→당일 눌림목 매수 2회→고점 돌파 지속 상승"
CASE-0028,28,성공,2022-11-08,대모,317850,적정거래대금 데이트레이딩,고점돌파(익일),적정거래대금 데이트레이딩/고점돌파(익일),G3586,5-2권 부속 S14 p.42 / G3586 + KRX 실측,"발생일 11/08 실측 O 15,100 / H **17,100** / L 15,050 / C 15,750 (+3.28%): 분봉 최고 17,100 노트 일치. 1차 상승 후 고점 횡보→익일 저점 매수→당일 고점 돌파 급등"
CASE-0029,29,성공,2023-11-29,코어라인소프트,384470,적정거래대금 데이트레이딩,고점돌파(익일),적정거래대금 데이트레이딩/고점돌파(익일),G3588,5-2권 부속 S14 p.43 / G3588 + KRX 실측,"11/28 +18.92% 적정거래대금 발생(97,904백만). 발생일 11/29 실측 O 22,500 / H **25,900** / L 22,350 / C 23,350 (+3.78%): 분봉 최고 25,900 노트 일치. 저점 조정→익일 저점 매수→고점 돌파 급등"
CASE-0030,30,성공,2024-02-23,에브리봇,270660,적정거래대금 데이트레이딩,고점돌파(당일),적정거래대금 데이트레이딩/고점돌파(당일),G3591,5-2권 부속 S14 p.45 / G3591 + KRX 실측,"발생일 02/23 실측 O 47,000 / H **57,500** / L **46,500** / C 55,500 (**+15.63%**): 분봉 최고 57,500·최저 46,500 노트 정확 일치. 로봇청소기 테마. 오전 1차 상승→고점 횡보→당일 고점 돌파 급등. ※노트 기재 02/22는 실측 02/23으로 정정(양 수치 정확 일치로 확정)"
CASE-0031,31,성공,2023-02-24,모아데이타,288980,적정거래대금 데이트레이딩,눌림목·분할,적정거래대금 데이트레이딩/눌림목·분할,G3592,5-2권 부속 S14 p.46 / G3592 + KRX 실측,"발생일 02/24 실측 O 4,400 / H **4,875** / L 4,350 / C 4,430 (+4.48%, 적정거래대금 230,128백만): 분봉 최고 4,875 노트 일치. 전일 02/23 눌림목(최저 4,120)부터 분할 매수→상승 시 분할 매도"
CASE-0032,32,성공,2023-02-24,코스모화학,005420,낙폭과대(데이트레이딩),시초급락(유형2),낙폭과대(데이트레이딩)/시초급락(유형2),G3481;G3503;G3505;G3506,5-2권 부속 S12 p.5·20·21·22 / G3481·G3503·G3505·G3506 + KRX 실측(원본재독),"발생일 02/24 실측 O 38,600 / H 39,000 / L 35,800 / C 37,000 (-2.63%): 시초 38,600→저점 35,800(시초 대비 **-7.25%**) 낙폭과대 매수→반등(1차 물량). 교차확인: 02/20 H **39,350**(노트 분봉 최고 일치)·최저 20,250(’22/12/07)·거래대금 304,654백만(02/28). 2차전지 테마 주도 종목. ※원본재독으로 다일분봉 02/17~02/24 중 시초 -7% 유일일 확정"
CASE-0033,33,실패,2024-02-21,세보엠이씨,011560,적정거래대금 데이트레이딩,이베스트 거래원 회피,적정거래대금 데이트레이딩/이베스트 거래원 회피,G3559,5-2권 부속 S14 p.24 / G3559 + KRX 실측(원본재독),"발생일 02/21 실측 O 8,660 / H **9,500** / L 8,530 / C 8,560 (-1.15%): 장중 고점 9,500(11:20, 노트 일치) 후 급락 마감. 이베스트 매도상위(697,918)·매수상위(853,672) 양쪽 상위→고점 후 하락(당일 매수 회피 근거). 250일최고 10,570(’23/09/11)·최저 7,240(’23/02/27). ※원본재독(250일 고저일 기준)으로 발생일 2024-02-21 확정"
CASE-0034,34,성공,2023-08-01,덕성,004830,적정거래대금 데이트레이딩,횡보 분할매수(S11 실전 사례⑤),적정거래대금 데이트레이딩/횡보 분할매수(S11 실전 사례⑤),G3182;G3464;G3465;G3466;G3467,5-2권 부속 S11 p.12·209·210·211 / G3182·G3464·G3465·G3466·G3467 + KRX 실측,"발생일 08/01 실측 O 4,550 / H **5,740** / L 4,455 / C 5,740 (**+29.86%, 상한가 마감**): 분봉 최고 5,740(14:55)=일봉 고가 일치. 적정거래대금 320억 근거=07/31 장중 상한가(H4,880 +30%)→종가 **+17.71%**(C4,420)·거래대금 **31,975백만(≈320억)** 유의미 수급(G3182). 07/26~08/01 횡보 구간 분할 매수→08/01 급등 분할 매도. 최저 3,375(07/26 노트). 필름/2차전지 테마. ※저자 ""기간 대비 좋은 수익"". ※S14 판정보류 덕성(9,330·02/13)과 별개 사례"
CASE-0035,35,성공,2023-06-16,인디에프,014990,적정거래대금 데이트레이딩,기준봉 조정 후 진입,적정거래대금 데이트레이딩/기준봉 조정 후 진입,G3248;G3249;G3473;G3474,5-2권 부속 S11 p.65·66·215·216 / G3248·G3249·G3473·G3474 + KRX 실측,"06-13 상한가 마감(H1,326 +30.0%) 후 조정. 발생일 06-16 실측 O1,146 H **1,430** L1,143 C1,301(+12.35%): 분봉 최고 1,430(12:15) 일치. 하락 조정→방향 상방 전환 시 스윙 매수→급등 전량 매도. 적정거래대금+상한가 2회 종목"
CASE-0036,36,성공,2023-07-31,지니너스,389030,적정거래대금 데이트레이딩,종가 예측 분할매수,적정거래대금 데이트레이딩/종가 예측 분할매수,G3255;G3260;G3261;G3264,5-2권 부속 S11 p.70·73·74·76 / G3255·G3260·G3261·G3264 + KRX 실측,"발생일 07-31 실측 O5,450 H **5,830** L5,100 C **5,290**(+2.12%), 거래대금 976억: 분봉 최고 5,830(09:33)·종가 5,290 일치. 오전 9:36 약 550억→종가 976억(예측 공식 오전×2 검증). 급등~종가 분할 매수→다음날 시초 추가 매수→본격 상승 분할 매도. 적정거래대금 400~500억"
CASE-0037,37,성공,2023-08-01,서남,294630,수급유입 2차 상승 파동 데이트레이딩(초전도체),,수급유입 2차 상승 파동 데이트레이딩(초전도체),G3306;G3317;G3318,5-2권 부속 S11 p.104·111·112 / G3306·G3317·G3318 + KRX 실측,"1번 흐름 03-27 상한가(+29.85%). 발생일 08-01 실측 O5,630 H6,500 L **4,690** C **6,500**(**+30.0%, 상한가 마감**), 거래대금 2,098억: 시초 하락(L4,690)→점심 후 큰 수급 급등(2차 상승)→매수 수익(변동성 커 단기 마무리, 이후 상한가라 아쉬움). 초전도 선재 테마"
CASE-0038,38,성공,2023-08-01,인벤티지랩,389470,수급유입 다차 상승,조정 분할매수(신규상장),수급유입 다차 상승/조정 분할매수(신규상장),G3338;G3341;G3342;G3347;G3348,5-2권 부속 S11 p.125·127·128·131·132 / G3338·G3341·G3342·G3347·G3348 + KRX 실측,"발생일 08-01 실측 O17,490 H **19,900** L16,920 C19,900(**+29.98%, 상한가 마감**): 분봉 상한가 19,900(09:10) 일치. 마지막 상한가 후 분할 매수→5거래일 조정 분할 매수(평단 관리)→재상승 상한가 부근 매도. 신규상장(치매·비만치료제 호재), 적정거래대금 400억"
CASE-0039,39,성공,2023-08-02,LS네트웍스,000680,관심종목 반복매매,시초 급등(호가먹통 회피),관심종목 반복매매/시초 급등(호가먹통 회피),G3450;G3452;G3453,5-2권 부속 S11 p.200·201·202 / G3450·G3452·G3453 + KRX 실측,"발생일 08-02 실측 O5,930 H **8,090** L5,930 C7,500(**+19.05%**), 거래대금 1,172억: 시초부터 가파른 상승. 연일 상한가 종목 시초 매수→당일 증시 호가창·체결 오류 발생→호가 정상화 시 수익권 전량 정리(리스크 회피). 흐름 지켜본 종목 반복 매매"
CASE-0040,40,성공,2023-07-31,와이랩,432430,수급유입 후 조정 매수,신규상장,수급유입 후 조정 매수/신규상장,G3459;G3461;G3462,5-2권 부속 S11 p.206·207·208 / G3459·G3461·G3462 + KRX 실측,"발생일 07-31 실측 O8,090 H **9,990** L8,000 C9,130(+17.96%), 거래대금 659억: 분봉 최고 9,990(10:30) 일치. 장중 상한가급 급등+큰 거래대금 종목, 조정 후 종가 부근 매수→다음날 갭상승 분할 정리(수익 소액). 신규상장주"
CASE-0041,41,실패,2023-06-14,대봉엘에스,078140,적정거래대금 기준봉 매수 실패(손절),,적정거래대금 기준봉 매수 실패(손절),G3388;G3390;G3392,5-2권 부속 S11 p.157·160·161 / G3388·G3390·G3392 + KRX 실측,"발생일 06-14 실측 O8,580 H10,950 L8,430 C10,020(+18.86%), 거래대금 498억: 큰 거래대금+급등(기준봉) 매수했으나 이후 하락→손절 대응 사례(큰 거래대금+급등에도 하락 가능 실증). ★라벨=실패: 저자 제시 목적=손절·리스크 관리 사례. 손절 후 재모니터링 재매수 권고"
CASE-0042,42,성공,2023-10-24,희림,037440,종가관리 데이트레이딩,재상승 추격 매수,종가관리 데이트레이딩/재상승 추격 매수,G3629;G3644;G3648;G3650,5-3권 대주제19 p.29·39·42·43 / G3629·G3644·G3648·G3650 + KRX 실측,"10-19 종가관리 장막판 급등(H9,640 C9,420 +15.16%, 사우디 국빈방문 호재)→조정. 발생일 10-24 실측 O7,920 H **10,420** L7,920 C10,420(**+29.93%, 상한가 마감**), 거래대금 2,121억: 큰 수급 재유입 재상승 구간 추격 매수→과거 종가관리 가격 부근 매도. 네옴시티 관련주"
CASE-0043,43,성공,2023-12-19,코어라인소프트,384470,종가관리 데이트레이딩,3거래일 후 오전수급 매수,종가관리 데이트레이딩/3거래일 후 오전수급 매수,G3638;G3641;G3642,5-3권 대주제19 p.35·37·38 / G3638·G3641·G3642 + KRX 실측,"12-14 종가관리 상한가(H28,400 C28,400 +29.98%, 루닛 M&A 기대). 발생일 12-19(3거래일째) 실측 O26,650 H **30,450** L26,400 C29,850(+13.5%): 오전 10시 수급 유입 매수→과거 상한가(28,400) 돌파 시 분할 매도. ※CASE-0029(11-29 적정거래대금)와 **별개 사례**(종가관리 관점)"
CASE-0044,44,성공,2024-02-14,덕성,004830,적정거래대금 데이트레이딩,눌림목→종가 급등,적정거래대금 데이트레이딩/눌림목→종가 급등,G3538,5-2권 부속 S14 p.10 / G3538 + 5-3권 예시집 + KRX 실측(원본재독),"발생일 02-14 실측 O7,200 H **9,330** L **7,080** C9,330(**+29.94%, 상한가 마감**): 분봉 최저 7,080(09:01)·최고 9,330(15:17) 정확 일치. 오전 눌림목(7,080)~횡보 매수→종가 부근 급등(상한가 9,330) 매도. 적정거래대금+테마 분위기. ※S14 판정보류(노트 ""02/13""은 실측 **02/14**) 해소. S11 덕성 CASE-0034(5,740·2023-08-01)와 별개"
CASE-0045,45,성공,2024-02-13,한미반도체,042700,데이트레이딩~스윙,신고가 돌파 후 조정 매수,데이트레이딩~스윙/신고가 돌파 후 조정 매수,G3702;G3704,5-3권 예시집1 INDEX01 / G3702·G3704 + KRX 실측,"발생일 02-13 실측 O82,200 H84,000 L77,700 C81,000(+3.18%), 거래대금 6,628억. HBM 호재·엔비디아 신고가·반도체 주도. 신고가 돌파 상한가 종목이 하락할 때부터 매수→데이트~스윙 연결. 재료 3종(자사주 소각·HBM 고객사 확대·SK하이닉스 TSMC 동맹)"
CASE-0046,46,성공,2024-02-08,이수스페셜티케미컬,457190,데이트레이딩~스윙,테마 대장 매수,데이트레이딩~스윙/테마 대장 매수,G3707,5-3권 예시집1 INDEX02 / G3707 + KRX 실측,"발생일 02-08 실측 O249,000 H255,500 L224,500 C228,000(-9.88%), 거래대금 1,246억. 전고체 배터리 테마 대장(코스닥 상승장). 데이트레이딩 매수→단기 미상승/과열로 스윙 연결. ※당일 -9.88%(매도 후 추가 상승, TMI)"
CASE-0047,47,성공,2022-08-03,우리산업홀딩스,072470,데이트레이딩,윗꼬리 종목 눌림목·바닥 재확인,데이트레이딩/윗꼬리 종목 눌림목·바닥 재확인,G3717;G3719,5-3권 예시집1 INDEX04 / G3717·G3719 + KRX 실측,"발생일 08-03 실측 O5,160 H6,530 L5,100 C5,870(+13.1%), 거래대금 877억. 리비안 성장 전망 재료. 평소 윗꼬리 자주 출현 종목→13시 큰 수급부터 눌림목 매수, 급락 후 바닥 재확인(파란 네모) 매수→수익"
CASE-0048,48,성공,2023-12-07,에이텀,355690,데이트레이딩 매매(5-3권 예시집1),,데이트레이딩 매매(5-3권 예시집1),,5-3권 예시집1 INDEX19 「2023-12-07 데이트레이딩 매매 사례(에이텀)」 + KRX 실측,"발생일 12-07 실측 O21,000 H26,500 L20,850 C24,450(+14.79%), 거래대금 947억"
CASE-0049,49,성공,2023-12-08,유니온,000910,데이트레이딩 매매(5-3권 예시집1),,데이트레이딩 매매(5-3권 예시집1),,5-3권 예시집1 INDEX20 「2023-12-08 데이트레이딩 매매 사례(유니온)」 + KRX 실측,"발생일 12-08 실측 O6,020 H6,570 L5,980 C6,100(+3.39%), 거래대금 429억"
CASE-0050,50,성공,2023-12-19,어보브반도체,102120,데이트레이딩 매매(5-3권 예시집1),상한가,데이트레이딩 매매(5-3권 예시집1)/상한가,,5-3권 예시집1 INDEX22 「2023-12-19 데이트레이딩 매매 사례(어보브반도체)」 + KRX 실측,"발생일 12-19 실측 O12,940 H14,630 L12,360 C14,630(**+29.93%, 상한가 마감**), 거래대금 3,546억"
CASE-0051,51,성공,2023-12-20,스맥,099440,데이트레이딩 매매(5-3권 예시집1),,데이트레이딩 매매(5-3권 예시집1),,5-3권 예시집1 INDEX23 「2023-12-20 데이트레이딩 매매 사례(스맥)」 + KRX 실측,"발생일 12-20 실측 O4,400 H4,700 L4,320 C4,630(+6.93%), 거래대금 318억"
CASE-0052,52,성공,2023-12-20,한익스프레스,014130,데이트레이딩 매매(5-3권 예시집1),,데이트레이딩 매매(5-3권 예시집1),,5-3권 예시집1 INDEX24 「2023-12-20 데이트레이딩 매매 사례(한익스프레스)」 + KRX 실측,"발생일 12-20 실측 O7,480 H8,820 L7,070 C8,510(+25.33%), 거래대금 1,476억"
CASE-0053,53,성공,2024-01-02,캡스톤파트너스,452300,데이트레이딩 매매(5-3권 예시집2),,데이트레이딩 매매(5-3권 예시집2),,5-3권 예시집2 「2024-01-02(캡스톤파트너스)」 + KRX 실측,"실측 O5,590 H5,950 L5,350 C5,540(+6.54%), 거래대금 1,014억"
CASE-0054,54,성공,2024-01-11,아가방컴퍼니,013990,데이트레이딩 매매(5-3권 예시집2),,데이트레이딩 매매(5-3권 예시집2),,5-3권 예시집2 「2024-01-11(아가방컴퍼니)」 + KRX 실측,"실측 O6,230 H6,720 L5,850 C6,640(-0.9%), 거래대금 700억. 중국 출산정책 재료"
CASE-0055,55,성공,2024-01-11,한화투자증권,003530,데이트레이딩 매매(5-3권 예시집2),상한가,데이트레이딩 매매(5-3권 예시집2)/상한가,,5-3권 예시집2 「2024-01-11(한화투자증권)」 + KRX 실측,"실측 O3,800 H4,400 C4,400(**+29.99%, 상한가 마감**), 거래대금 2,521억"
CASE-0056,56,성공,2024-01-11,컴퍼니케이,307930,데이트레이딩 매매(5-3권 예시집2),,데이트레이딩 매매(5-3권 예시집2),,5-3권 예시집2 「2024-01-11(컴퍼니케이)」 + KRX 실측,"실측 O9,550 H10,380 L8,640 C8,800(+5.52%), 거래대금 1,631억. ※CASE-0078(02-29)과 별개 매매일"
CASE-0057,57,성공,2024-01-11,폴라리스오피스,041020,데이트레이딩 매매(5-3권 예시집2),,데이트레이딩 매매(5-3권 예시집2),,5-3권 예시집2 「2024-01-11(폴라리스오피스)」 + KRX 실측,"실측 O6,810 H7,720 L6,520 C6,830(+1.04%), 거래대금 1,877억"
CASE-0058,58,성공,2024-01-12,흥구석유,024060,데이트레이딩 매매(5-3권 예시집2),,데이트레이딩 매매(5-3권 예시집2),,5-3권 예시집2 「2024-01-12(흥구석유)」 + KRX 실측,"실측 O12,090 H13,240 L11,550 C12,740(+20.19%), 거래대금 2,967억. 풋 성격(악재 수혜) 종목"
CASE-0059,59,성공,2024-01-12,LS머트리얼즈,417200,데이트레이딩 매매(5-3권 예시집2),,데이트레이딩 매매(5-3권 예시집2),,5-3권 예시집2 「2024-01-12(LS머트리얼즈)」 + KRX 실측,"실측 O38,000 H45,450 L38,000 C44,650(+11.9%), 거래대금 5,932억. 종가관리 흐름 예시(G3609)와 동일 종목"
CASE-0060,60,성공,2024-01-15,에코바이오,038870,데이트레이딩 매매(5-3권 예시집2),,데이트레이딩 매매(5-3권 예시집2),,5-3권 예시집2 「2024-01-15(에코바이오)」 + KRX 실측,"실측 O6,950 H7,780 L6,850 C7,210(+3.15%), 거래대금 590억"
CASE-0061,61,성공,2024-01-15,흥아해운,003280,데이트레이딩 매매(5-3권 예시집2),,데이트레이딩 매매(5-3권 예시집2),,5-3권 예시집2 「2024-01-15(흥아해운)」 + KRX 실측,"실측 O4,560 H5,170 L4,500 C4,660(+14.08%), 거래대금 5,620억"
CASE-0062,62,성공,2024-01-16,동방,004140,데이트레이딩 매매(5-3권 예시집2),,데이트레이딩 매매(5-3권 예시집2),,5-3권 예시집2 「2024-01-16(동방)」 + KRX 실측,"실측 O2,975 H3,040 L2,685 C2,850(-7.01%), 거래대금 691억. ※당일 -7.01%(눌림/조정 매수 관점 추정, 라벨 확인 권장)"
CASE-0063,63,성공,2024-01-17,이월드,084680,데이트레이딩 매매(5-3권 예시집2),,데이트레이딩 매매(5-3권 예시집2),,5-3권 예시집2 「2024-01-17(이월드)」 + KRX 실측,"실측 O2,405 H2,595 L2,315 C2,370(-3.07%), 거래대금 388억"
CASE-0064,64,성공,2024-01-17,한솔로지스틱스,009180,데이트레이딩 매매(5-3권 예시집2),,데이트레이딩 매매(5-3권 예시집2),,5-3권 예시집2 「2024-01-17(한솔로지스틱스)」 + KRX 실측,"실측 O3,240 H3,295 L2,760 C2,815(+0.36%), 거래대금 730억"
CASE-0065,65,성공,2024-01-17,이삭엔지니어링,351330,데이트레이딩 매매(5-3권 예시집2),,데이트레이딩 매매(5-3권 예시집2),,5-3권 예시집2 「2024-01-17(이삭엔지니어링)」 + KRX 실측,"실측 O9,900 H12,130 L9,740 C10,260(-0.87%), 거래대금 1,065억"
CASE-0066,66,성공,2024-01-18,휴니드,005870,데이트레이딩 매매(5-3권 예시집2),,데이트레이딩 매매(5-3권 예시집2),,5-3권 예시집2 「2024-01-18(휴니드)」 + KRX 실측,"실측 O7,840 H8,620 L7,560 C7,970(-2.8%), 거래대금 727억. ※CASE-0027(2023-10-18)과 별개 매매일. 방산 테마"
CASE-0067,67,성공,2024-01-25,미스터블루,207760,데이트레이딩 매매(5-3권 예시집2),,데이트레이딩 매매(5-3권 예시집2),,5-3권 예시집2 「2024-01-25(미스터블루)」 + KRX 실측,"실측 O2,660 H3,015 L2,540 C2,765(-3.49%), 거래대금 1,945억"
CASE-0068,68,성공,2024-01-31,데이타솔루션,263800,데이트레이딩 매매(5-3권 예시집2),,데이트레이딩 매매(5-3권 예시집2),,5-3권 예시집2 「2024-01-31(데이타솔루션)」 + KRX 실측,"실측 O6,100 H6,340 L5,880 C6,310(-0.63%), 거래대금 165억"
CASE-0069,69,성공,2024-02-01,한솔인티큐브,070590,데이트레이딩 매매(5-3권 예시집2),,데이트레이딩 매매(5-3권 예시집2),G3906;G3909,5-3권 예시집2 INDEX18 「2024-02-01(한솔인티큐브)」 / G3906·G3909 + KRX 실측,"실측 O2,340 H2,490 L1,896 C1,931(**-13.79%**), 거래대금 114억. 엔비디아/AI 재료(코어에이아이 파트너십). ★당일 종가 -13.79%이나 저자는 장 막판 상한가 풀림 낙폭과대→보합권 재상승 소액 매수→직후 상승 짧게 익절 = **성공 확정**(빠른 익절 후 하루종일 하락 장대음봉으로 익절 정당화)"
CASE-0070,70,성공,2024-02-07,동화기업,025900,데이트레이딩 매매(5-3권 예시집2),,데이트레이딩 매매(5-3권 예시집2),G3910;G3912;G3915,5-3권 예시집2 INDEX19 「2024-02-07(동화기업)」 / G3910·G3912·G3915 + KRX 실측,"실측 O82,000 H84,400 L67,900 C69,800(**-14.88%**), 거래대금 676억. 전고체 배터리 테마(대장=이수스페셜티케미컬). ★테마 내 최약 종목 장마감 -15% 하락→저자 종가 부근 보수적 매수(데이트~기준봉 스윙)→3거래일째 급등 분할 매도 = **성공 확정**(평균단가 관리 스윙)"
CASE-0071,71,성공,2024-02-07,이수스페셜티케미컬,457190,데이트레이딩 매매(5-3권 예시집2),,데이트레이딩 매매(5-3권 예시집2),,5-3권 예시집2 「2024-02-07(이수스페셜티케미컬)」 + KRX 실측,"실측 O258,500 H266,000 L236,500 C253,000(-0.2%), 거래대금 2,157억. ※CASE-0046(02-08)과 별개 매매일"
CASE-0072,72,성공,2024-02-07,한빛레이저,452190,데이트레이딩 매매(5-3권 예시집2),,데이트레이딩 매매(5-3권 예시집2),,5-3권 예시집2 「2024-02-07(한빛레이저)」 + KRX 실측,"실측 O12,910 H13,120 L10,670 C11,200(-7.21%), 거래대금 1,319억"
CASE-0073,73,성공,2024-02-14,탑머티리얼,360070,데이트레이딩 매매(5-3권 예시집2),,데이트레이딩 매매(5-3권 예시집2),,5-3권 예시집2 「2024-02-14(탑머티리얼)」 + KRX 실측,"실측 O61,300 H70,500 L59,500 C63,900(+0.31%), 거래대금 559억"
CASE-0074,74,성공,2024-02-14,삼부토건,001470,데이트레이딩 매매(5-3권 예시집2),,데이트레이딩 매매(5-3권 예시집2),,5-3권 예시집2 「2024-02-14(삼부토건)」 + KRX 실측,"실측 O2,585 H2,690 L2,410 C2,570(-0.58%), 거래대금 937억"
CASE-0075,75,성공,2024-02-14,네오셈,253590,데이트레이딩 매매(5-3권 예시집2),상한가급,데이트레이딩 매매(5-3권 예시집2)/상한가급,,5-3권 예시집2 「2024-02-14(네오셈)」 + KRX 실측,"실측 O10,520 H14,310 L10,510 C14,250(**+29.43%**), 거래대금 3,633억"
CASE-0076,76,성공,2024-02-15,에스피소프트,443670,데이트레이딩 매매(5-3권 예시집2),,데이트레이딩 매매(5-3권 예시집2),,5-3권 예시집2 「2024-02-15(에스피소프트)」 + KRX 실측,"실측 O8,340 H13,110 L7,510 C12,940(**+28.25%**), 거래대금 4,627억"
CASE-0077,77,성공,2024-02-19,네패스아크,330860,데이트레이딩 매매(5-3권 예시집2),,데이트레이딩 매매(5-3권 예시집2),,5-3권 예시집2 「2024-02-19(네패스아크)」 + KRX 실측,"실측 O29,050 H30,650 L28,600 C29,350(-1.18%), 거래대금 276억"
CASE-0078,78,성공,2024-02-29,컴퍼니케이,307930,데이트레이딩 매매(5-3권 예시집2),상한가,데이트레이딩 매매(5-3권 예시집2)/상한가,,5-3권 예시집2 「2024-02-29(컴퍼니케이)」 + KRX 실측,"실측 O7,820 H9,430 L7,670 C9,430(**+29.89%, 상한가 마감**), 거래대금 857억. ※CASE-0056(01-11)과 별개 매매일"
CASE-0079,79,성공,2024-03-06,이에이트,418620,데이트레이딩 매매(5-3권 예시집2),,데이트레이딩 매매(5-3권 예시집2),,5-3권 예시집2 「2024-03-06(이에이트)」 + KRX 실측,"실측 O24,700 H25,450 L22,950 C24,550(+1.87%), 거래대금 1,529억"
CASE-0080,80,성공,2024-03-06,스톤브릿지벤처스,330730,데이트레이딩 매매(5-3권 예시집2),,데이트레이딩 매매(5-3권 예시집2),,5-3권 예시집2 「2024-03-06(스톤브릿지벤처스)」 + KRX 실측,"실측 O5,150 H6,000 L5,100 C5,300(+1.53%), 거래대금 498억"
CASE-0081,81,성공,2024-03-06,사피엔반도체,452430,데이트레이딩 매매(5-3권 예시집2),,데이트레이딩 매매(5-3권 예시집2),,5-3권 예시집2 「2024-03-06(사피엔반도체)」 + KRX 실측,"실측 O37,950 H39,600 L35,500 C36,000(-7.22%), 거래대금 315억. 신규상장주"
CASE-0082,82,성공,2024-01-17,대한해운,005880,데이트레이딩 매매(5-3권 예시집2),대장주 교체 포착,데이트레이딩 매매(5-3권 예시집2)/대장주 교체 포착,G3883,5-3권 예시집2 INDEX14 「2024-01-17~18(대한해운)」 / G3883 + KRX 실측,"발생일 01-17 실측 O2,575 H **3,100** L2,570 C2,810(+17.82%), 거래대금 6,262억. 홍해 리스크 테마, ★대장주 교체(흥아해운→대한해운) 포착 매매. 2회 매매(1회 본전·1회 상승 전 신호 수익). ※예시집1 catalog에서 누락됐던 INDEX 14 보강"
CASE-0083,83,실패,2024-01-29,엘엠에스,073110,적정거래대금 데이트레이딩,이베스트 거래원 회피,적정거래대금 데이트레이딩/이베스트 거래원 회피,G3558,5-2권 부속 S14 p.23 / G3558 + KRX 실측(원본재독),"발생일 01-29 실측 O7,610 H **9,200** L6,600 C **6,600**(-9.84%): 장중 고점 9,200(10:58) 후 하루종일 하락→종가 6,600(15:30, 저가=종가) 정확 일치. 이베스트 매도상위(688,243)·매수상위(766,760) 양쪽 1위 → 고점 후 하락(당일 매수 회피 근거). ★라벨=실패(저자 회피 사례). ※S14 판정보류(노트 ""01/26""은 실측 **01-29**, 사용자 확인) 해소"
CASE-0084,84,성공,2023-10-13,광동제약,009290,적정거래대금,1번→조정→2번 재상승,적정거래대금/1번→조정→2번 재상승,G5117,스윙 07 부속 거래대금디테일 자료집 p.94 / G5117 + KRX 실측 + 사용자 실사,"1번 발생일 10-13 실측 O6,010 H **7,800** L5,980 C7,500(**+23.15%**), 거래대금 1,036억 = 큰 거래대금 급등 장대양봉 → 2번 10-16 재급등 시도(O7,310 H **8,150** C7,550 +0.67%, 거래대금 1,030억). 저자 1번→조정→2번 패턴 실증 예시(정보박스 미완=매수/매도가 미표기). 발생일=사용자 실사(p.92·94 광동제약 10/13·10/16)"
CASE-0085,85,성공,2023-10-13,LS네트웍스,000680,적정거래대금,1번→조정→2번 재상승,적정거래대금/1번→조정→2번 재상승,G5116,스윙 07 부속 거래대금디테일 자료집 p.93 / G5116 + KRX 실측 + 사용자 실사,"1번 발생일 10-13 실측 O3,745 H4,865 L3,710 C **4,865**(**+29.91%, 상한가 마감**), 거래대금 341억 → 2번 10-16 O5,040 H6,320 C **6,320**(**+29.91%, 상한가 마감**), 거래대금 1,111억 = 연속 상한가 재급등. ★CASE-0039(2023-08-02 호가먹통)와 **별개 매매일**(동일종목 다른 사건). 발생일=사용자 실사(10/13·10/16)"
CASE-0086,86,성공,2023-10-16,GS글로벌,001250,적정거래대금,1번→조정→2번 재상승(인트라데이),적정거래대금/1번→조정→2번 재상승(인트라데이),G5116,스윙 07 부속 거래대금디테일 자료집 p.93 / G5116 + KRX 실측 + 사용자 실사,"발생일 10-16 실측 O2,440 H **2,905** L2,410 C2,725(**+11.68%**), 거래대금 514억: 분봉 1번(13:00경 급등)→조정→2번(14:45경 재급등) 인트라데이 패턴. 발생일·관측시각=사용자 실사(10/16 13:00·14:45경)"
CASE-0087,87,성공,2023-10-11,흥구석유,024060,적정거래대금,1번→조정→2번 재상승(풋 성격),적정거래대금/1번→조정→2번 재상승(풋 성격),G5118,스윙 07 부속 거래대금디테일 자료집 p.95 / G5118 + KRX 실측 + 사용자 실사,"1번 발생일 10-11 실측 O8,270 H **10,270** L8,130 C10,070(**+24.78%**), 거래대금 3,035억 = 대규모 수급 급등 → 대시세 2차 상승 파동(10-13 +27.72% H13,740 · 10-16 +23.7% H17,550). ★CASE-0058(2024-01-12 예시집2)과 **별개 매매일**. 발생일=사용자 실사(10/11)"
CASE-0088,88,성공,2023-10-11,지에스이,053050,적정거래대금,1번→조정→2번 재상승,적정거래대금/1번→조정→2번 재상승,G5118,스윙 07 부속 거래대금디테일 자료집 p.96 / G5118 + KRX 실측 + 사용자 실사,"1번 발생일 10-11 실측 O3,660 H4,375 L3,545 C4,245(+6.13%), 거래대금 993억 → 조정 10-12(-6.24%) → 2번 10-13 O4,135 H **4,870** L3,885 C4,345(+9.17%), 거래대금 2,085억 = 재급등. ★S11 섹션1 공부용차트(등록제외)와 별개 실매매 예시. 발생일=사용자 실사(10/11~10/13)"
CASE-0089,89,성공,2022-05-23,지투파워,388050,적정거래대금 동적성 실증(도식),,적정거래대금 동적성 실증(도식),G5078;G5084,스윙 07 부속 거래대금디테일 자료집 p.32 / G5078·G5084 참조 + KRX 실측 + 사용자 실사,"저자 ""약 1,450억 발생 때마다 가파른 상승 → 적정거래대금 1,450억(동적 증가)"" 실증. KRX 4개 관측일(2022): 05-23 H27,300 **+12.23%** 1,494억 / 06-15 H31,500 +13.52% 1,530억 / 06-22 H39,400 +9.92% 3,012억 / 07-06 H39,600 +17.49% 2,450억. 발생일=첫 관측 05-23(나머지 3일=반복 관측·2·3차 파동). ★**일봉 도식(매수 타점 미표기)** — 라벨=성공(적정거래대금 실증 목적). ※S11 섹션1 공부용도식(등록제외)과 동일종목·별도 07자료집 맥락"
CASE-0090,90,성공,2022-02-28,보성파워텍,006910,적정거래대금 동적성 실증(도식),,적정거래대금 동적성 실증(도식),G5078;G5084,스윙 07 부속 거래대금디테일 자료집 p.34 / G5078·G5084 참조 + KRX 실측 + 사용자 실사,"저자 ""처음 상한가부터 큰 거래대금 + 이후 가파른 상승 = 적정거래대금 커진 동적성"" 실증. 발생일 02-28 실측 O4,720 H5,160 L4,655 C **5,160**(**+29.81%, 상한가 마감**), 거래대금 2,943억(첫 상한가·대량 수급). ★일봉 도식(매수 타점 미표기), 라벨=성공(적정거래대금 실증)"
CASE-0091,91,실패,2022-04-21,NPC,004250,기준봉 매매,지수역상관 손절 리스크,기준봉 매매/지수역상관 손절 리스크,G5010,스윙 5권 p.174~176 / G5010 + KRX 실측 + 사용자 실사,"기준봉 발생일 04-21 실측 O9,650 H12,300 L9,590 C11,900(**+25.13%**), 거래대금 3,244억(2차전지 신사업 법제화 재료). 이후 2매매: ①기준봉 중심 매수→2거래일 뒤 고점 갱신(04-28 H **13,200** 노트 일치) 매도 **+10%**(성공) ②기준봉 시가 매수→익일 미수익 **-2% 손절**, 이후 수급없이 **-20%+ 하락**. ★라벨=실패: 저자 제시 목적=지수 역상관(풋성격) 종목의 기준봉 시가 매매 리스크 경고(-20% 하락 실증). ①성공 병기"
CASE-0092,92,성공,2022-05-27,현대에버다임,041440,볼린저밴드 눌림목 매매,,볼린저밴드 눌림목 매매,G4891,스윙 3권 p.249~250 / G4891 + KRX 실측 + 사용자 실사,"재료=우크라이나 재건. 1차 상승 고점 05-17 H **10,800**(노트 일치). 발생일 05-27 실측 O8,900 H9,100 L8,600 C8,800(-2.0%), 거래대금 125억 = 눌림 저가 볼밴 하한선 이탈~바닥 구간. 저자 볼밴 눌림 「화살표 1번째=매매 가능」 성공 예시(다음날 바닥+단기 상승 매수). ※2·3번째 화살표=매매불가(구름대 하단/연일 하락) 대비"
CASE-0093,93,성공,2024-01-11,디티앤씨알오,383930,시초 갭급락 후 반등 데이트레이딩,,시초 갭급락 후 반등 데이트레이딩,G1966;G1967,S01 요약집 p.7~8 / G1966·G1967 + KRX 실측 + 사용자 실사,"발생일 01-11 실측 O14,600(**-16.09% 갭**) H16,950 L **14,500** C15,730(**-9.60%**), 거래대금 626억. 노트 일봉 툴팁과 완전 일치. 매매=시초 -16% 갭 급락 보고 ""하락폭 커 시초 급반등 기대"" 모니터링→**B 09:03 14,500대(일봉 저가)→S 15,800대 수익**(1분봉 B/S 표식 명시). 재료=한동훈 정치테마(상한가 익일 -28.69%→익일 -16% 갭)"
CASE-0094,94,성공,2023-12-20,하이드로리튬,101670,쩜하한가 해제 후 반등 데이트레이딩,,쩜하한가 해제 후 반등 데이트레이딩,G1968;G1969,S01 요약집 p.9~10 / G1968·G1969 + KRX 실측 + 사용자 실사,"발생일 12-20 실측 O9,620(**-29.99% 쩜하한**) H11,000 L9,620 C10,040(**-26.93%**), 거래대금 1,905억. 노트 일봉 툴팁과 완전 일치. 매매=전환사채 오버행 악재로 쩜하한 출발→개장후 ~150억에 하한가 풀림→**B 09:02 9,700대(3%미만 양봉 시가=손절라인)→S 10,400대 수익**. ★코드 101670=코리아에스이(CASE-0011, 2022-09-14)와 동일종목(사명변경)·별개 사건"
CASE-0095,95,실패,2023-11-16,이오플로우,294090,갭하락 단타,시초 급락 반등,갭하락 단타/시초 급락 반등,G1993;G1994,S02 예시집 섹션1 #1 / G1993·G1994 + KRX 실측,"시초 **-23.96% 갭**(악재: 이오패치 판매정지 가처분·거래재개일). 실측 O16,500 H17,420 L15,200 C16,070(-25.94%)·922억. ★매매불가: 음봉 시가 돌파 미발생=저자 매매불가 1호 예시"
CASE-0096,96,성공,2023-12-13,현대바이오,048410,갭하락 단타,시초 급락 반등,갭하락 단타/시초 급락 반등,G1995;G1996,S02 예시집 섹션1 #2 / G1995·G1996 + KRX 실측,"시초 **-14.95% 갭**(제프티 긴급승인 지연=악재, 소멸보도 없음). 실측 O23,900 H26,450 L23,450 C24,450(-12.99%)·616억. 첫봉 2%내→매수, 손절라인=첫양봉 시가, 여유 수익(패턴2-2 정석)"
CASE-0097,97,실패,2023-12-14,KR모터스,000040,갭하락 단타,시초 급락 반등,갭하락 단타/시초 급락 반등,G1998;G2000,S02 예시집 섹션1 #3 / G1998~G2000 + KRX 실측,"시초 **-23.69% 갭**(주주배정 유상증자 악재). 실측 O380 H413 L362 C364(-26.91%)·22억. ★매매불가: 개장 직후 +6%↑ 동적VI→체결 기회 없음(체결 게이트 탈락, 1초봉 실증)"
CASE-0098,98,실패,2023-12-14,국보,001140,갭하락 단타,시초 급락 반등,갭하락 단타/시초 급락 반등,G2001;G2002,S02 예시집 섹션1 #4 / G2001·G2002 + KRX 실측,"시초 **-22.26% 갭**(무상감자 악재). 실측 O2,200 H2,475 L1,999 C2,080(-26.50%)·49억. 진입가능(2-2)이나 ★지저분한 흐름으로 손절(흐름 나쁘면 배제 교훈)"
CASE-0099,99,실패,2023-12-08,웅진,016880,갭하락 단타,시초 급락 반등,갭하락 단타/시초 급락 반등,G2003,S02 예시집 섹션1 #5 / G2003 + KRX 실측,"시초 **-19.27% 갭**. 실측 O1,265 H1,316 L1,202 C1,287(-17.87%)·103억. ★매매금지: 재료 소멸(선행 상승 후)=배제 사례"
CASE-0100,100,실패,2023-12-08,엔씨소프트,036570,갭하락 단타,시초 급락 반등,갭하락 단타/시초 급락 반등,G2004,S02 예시집 섹션1 #6 / G2004 + KRX 실측,"시초 **-9.94% 갭**. 실측 O235,500 H244,000 L224,500 C238,500(-8.80%)·1,868억. ★매매금지: 재료 소멸(연결재료 부재)=배제 사례"
CASE-0101,101,성공,2023-12-08,라이트론,069540,갭하락 단타,시초 급락 반등,갭하락 단타/시초 급락 반등,G2005;G2006,S02 예시집 섹션1 #7 / G2005·G2006 + KRX 실측,"시초 **-13.98% 갭**(이유 없는 하락). 실측 O2,430 H2,695 L2,300 C2,695(-4.60%)·66억. 진입=음봉 시가 돌파(★패턴1 첫 사례), 수익"
CASE-0102,102,성공,2023-12-08,EDGC,245620,갭하락 단타,시초 급락 반등,갭하락 단타/시초 급락 반등,G2007;G2009,S02 예시집 섹션1 #8 / G2007·G2009 + KRX 실측,"시초 **-11.92% 갭**(악재). 실측 O362 H515 L362 C400(-2.68%)·91억. 진입=첫봉 2%내 매수(패턴2-2), 장중 H515 급반등 수익"
CASE-0103,103,실패,2023-12-04,에프에스티,036810,갭하락 단타,시초 급락 반등,갭하락 단타/시초 급락 반등,G2010;G2011,S02 예시집 섹션1 #9 / G2010·G2011 + KRX 실측,"시초 **-11.73% 갭**(이유 없는 하락). 실측 O22,950 H26,800 L21,600 C26,400(**+1.54%**)·361억. 진입 후 ★원칙 손절 -6%(이후 V자 반등=아쉬운 케이스). ※종가 +1.54%이나 라벨=실패(저자 손절 제시 목적)"
CASE-0104,104,실패,2023-12-04,에스앤에스텍,101490,갭하락 단타,시초 급락 반등,갭하락 단타/시초 급락 반등,G2012;G2013,S02 예시집 섹션1 #10 / G2012·G2013 + KRX 실측,"시초 **-13.70% 갭**(이유 없는 하락). 실측 O44,100 H47,700 L40,900 C47,000(-8.02%)·901억. ★매매불가: 3분 -6% 급락(진입 필터 위반)=Case3 실물"
CASE-0105,105,실패,2023-11-29,시공테크,020710,갭하락 단타,시초 급락 반등,갭하락 단타/시초 급락 반등,G2014;G2015,S02 예시집 섹션1 #11 / G2014·G2015 + KRX 실측,"시초 **-18.35% 갭**. 실측 O5,250 H5,250 L4,810 C4,835(-24.81%)·168억. ★매매금지: 재료 소멸(부산 엑스포 유치 실패)=배제 사례"
CASE-0106,106,실패,2023-11-29,에이에스텍,453860,갭하락 단타,시초 급락 반등,갭하락 단타/시초 급락 반등,G2016;G2017,S02 예시집 섹션1 #12 / G2016·G2017 + KRX 실측,"시초 **-10.13% 갭**(신규상장주=재료게이트 우회). 실측 O63,000 H64,300 L51,400 C51,800(-26.11%)·1,566억. ★매매불가: 09:09 시간 부적합 + 진입필터 위반 복합"
CASE-0107,107,성공,2023-11-24,한화오션,042660,갭하락 단타,시초 급락 반등,갭하락 단타/시초 급락 반등,G2018;G2020,S02 예시집 섹션1 #13 / G2018·G2020 + KRX 실측,"시초 **-14.34% 갭**(권리매도 악재). 실측 O23,300 H24,100 L22,600 C22,650(-16.73%)·2,283억. 진입=1분 추가하락 후 음봉 시가 돌파(패턴1), 대형주 목표 2~3% 수익"
CASE-0108,108,성공,2023-11-24,미코바이오메드,214610,갭하락 단타,시초 급락 반등,갭하락 단타/시초 급락 반등,G2021;G2022,S02 예시집 섹션1 #14 / G2021·G2022 + KRX 실측,"시초 **-15.21% 갭**(이유 없는 하락). 실측 O2,370 H2,565 L2,350 C2,385(-14.67%)·32억. 진입=4% 초과 후 눌림목 예외 매수(패턴2 변형), 수익"
CASE-0109,109,성공,2023-11-21,박셀바이오,323990,갭하락 단타,시초 급락 반등,갭하락 단타/시초 급락 반등,G2023;G2024,S02 예시집 섹션1 #15 / G2023·G2024 + KRX 실측,"시초 **-14.69% 갭**(이유 없는 하락·사후 악재). 실측 O18,000 H19,320 L17,800 C18,950(-10.19%)·389억. 진입=음봉 시가 돌파(패턴1), 수익"
CASE-0110,110,성공,2023-11-20,삼성제약,001360,갭하락 단타,시초 급락 반등,갭하락 단타/시초 급락 반등,G2025;G2026,S02 예시집 섹션1 #16 / G2025·G2026 + KRX 실측,"시초 **-15.63% 갭**(특정목적 유상증자=악재이나 스윙연결 가능). 실측 O2,160 H2,535 L2,135 C2,380(-7.03%)·76억. 진입→손절→★재매수 수익(손절 후 재매수 실물)"
CASE-0111,111,실패,2023-11-16,강스템바이오텍,217730,갭하락 단타,시초 급락 반등,갭하락 단타/시초 급락 반등,G2027;G2028,S02 예시집 섹션1 #17 / G2027·G2028 + KRX 실측,"시초 **-17.53% 갭**(올빼미 공시·유상증자 추가상장 악재). 실측 O1,200 H1,357 L1,166 C1,310(-9.97%)·58억. 진입(패턴1)→★손절. ※CASE-0010(2024-04-02 쩜상한)과 별개"
CASE-0112,112,성공,2023-11-15,자이글,234920,갭하락 단타,시초 급락 반등,갭하락 단타/시초 급락 반등,G2029;G2031,S02 예시집 섹션1 #18 / G2029·G2031 + KRX 실측,"시초 **-9.80% 갭**(악재이나 재료소멸 시효 적용=매매가능). 실측 O8,840 H10,250 L8,700 C9,800(0.00%)·45억. 진입=음봉 시가 돌파(패턴1), 수익"
CASE-0113,113,성공,2023-11-15,인벤티지랩,389470,갭하락 단타,시초 급락 반등,갭하락 단타/시초 급락 반등,G2032;G2033,S02 예시집 섹션1 #19 / G2032·G2033 + KRX 실측,"시초 **-9.43% 갭**(3분기 영업적자 악재, 임계 -9%대 허용). 실측 O12,000 H12,780 L11,470 C12,630(-4.68%)·78억. 진입(패턴1), 수익. ※CASE-0038(2023-08-01)과 별개"
CASE-0114,114,성공,2023-11-07,세니젠,188260,갭하락 단타,시초 급락 반등,갭하락 단타/시초 급락 반등,G2034;G2035,S02 예시집 섹션1 #20 / G2034·G2035 + KRX 실측,"시초 **-11.64% 갭**(신규상장주 투매). 실측 O8,350 H9,160 L7,600 C7,660(-18.94%)·459억. 진입(패턴2-2), 약수익~본전. ★제목 ""2023-11-15""는 저자 오기, 차트·KRX = **2023-11-07**"
CASE-0115,115,성공,2023-11-27,이오플로우,294090,갭하락 단타,하한가 반등,갭하락 단타/하한가 반등,G2040;G2042,S02 예시집 섹션2 #21 / G2040·G2042 + KRX 실측,"전일 하한가 후 **+0.85% 상승 출발**(대주주 매각 수급 이벤트). 실측 O9,530 H10,470 L9,490 C10,020(+6.03%)·160억. 진입(3%미만), 수익. ★전일 하한가=갭률 필터 해제 근거"
CASE-0116,116,성공,2023-12-08,이오플로우,294090,갭하락 단타,하한가 반등,갭하락 단타/하한가 반등,G2043;G2044,S02 예시집 섹션2 #22 / G2043·G2044 + KRX 실측,"**쩜 하한가 -29.96%**(재료 소멸→쩜하한 예외). 실측 O5,050 H5,840 L5,050 C5,140(-28.71%)·1,065억. 진입(3%초과 눌림목), 일부+5~10% 수익. ※CASE-0095(11-16)와 별개일"
CASE-0117,117,성공,2023-11-30,홈캐스트,064240,갭하락 단타,하한가 반등,갭하락 단타/하한가 반등,G2045;G2046,S02 예시집 섹션2 #23 / G2045·G2046 + KRX 실측,"전일 하한가 후 **-1.31% 출발**(이유 없는 하락). 실측 O3,020 H3,245 L2,500 C2,795(-8.66%)·77억. 여유 있는 진입(손절가 미이탈 횡보), 수익"
CASE-0118,118,실패,2023-11-29,TS트릴리온,317240,갭하락 단타,하한가 반등,갭하락 단타/하한가 반등,G2047;G2048,S02 예시집 섹션2 #24 / G2047·G2048 + KRX 실측,전일 하한가 후 **-4.76% 출발**(경영권 매각·재무악화 악재). 실측 O800 H820 L588 C637(-24.17%)·736억. ★진입 어려움→손절 필수
CASE-0119,119,실패,2023-11-14,넥스트아이,137940,갭하락 단타,하한가 반등,갭하락 단타/하한가 반등,G2050,S02 예시집 섹션2 #25 / G2050 + KRX 실측,전일 하한가 후 **+9.52% 상승 출발**. 실측 O621 H737 L621 C737(**+29.98% 상한가 마감**)·22억. ★매매불가: 단일가 거래+9% 상승(허용 상한 +1~2% 초과). 실측 상한가는 근거 보존
CASE-0120,120,실패,2023-11-13,올리패스,244460,갭하락 단타,하한가 반등,갭하락 단타/하한가 반등,G2051;G2053,S02 예시집 섹션2 #26 / G2051·G2053 + KRX 실측,"**쩜 하한가 -20.05%**(재료 소멸 예외). 실측 O985 H1,022 L863 C863(-29.95%)·112억. ★매매불가: 시초 거래대금 12억 미달(쩜하한 100억 임계 미달)"
CASE-0121,121,성공,2023-11-10,파두,440110,갭하락 단타,하한가 반등,갭하락 단타/하한가 반등,G2054;G2055,S02 예시집 섹션2 #27 / G2054·G2055 + KRX 실측,"하한가 **-17.70%**(매출 97%↓·부실IPO 의혹). 실측 O20,000 H21,500 L17,580 C18,970(-21.93%)·2,503억. 큰 거래대금→비중 실음, 첫 양봉 1.3% 진입 2~3% 수익"
CASE-0122,122,실패,2023-11-06,인포마크,175140,갭하락 단타,하한가 반등,갭하락 단타/하한가 반등,G2056;G2057,S02 예시집 섹션2 #28 / G2056·G2057 + KRX 실측,"하한가 후 **강보합 +0.80% 출발**(CB 매각 악재). 실측 O6,330 H6,340 L5,700 C6,010(-4.30%)·47억. ★저자 비선호: 강보합의 시초 급락(-8.6%) 위험 예시"
CASE-0123,123,성공,2023-11-03,에스유홀딩스,031860,갭하락 단타,하한가 반등,갭하락 단타/하한가 반등,G2058;G2059,S02 예시집 섹션2 #29 / G2058·G2059 + KRX 실측,하한가 **-7.63%**(악재 없는 하락=소멸 아님). 실측 O436 H547 L391 C502(+6.36%)·113억. 첫 양봉 4%여도 추세선 3%선 이하 진입
CASE-0124,124,실패,2023-11-03,THE MIDONG,161570,갭하락 단타,하한가 반등,갭하락 단타/하한가 반등,G2060;G2061,S02 예시집 섹션2 #30 / G2060·G2061 + KRX 실측,"하한가 **-14.95%**(이유 없는 하락, 얇은 호가창). 실측 O717 H773 L646 C750(-11.03%)·26억. ★양봉 시가 이탈 즉시 손절(반례)=손절 규율 실물"
CASE-0125,125,성공,2023-11-03,영풍제지,006740,갭하락 단타,하한가 반등,갭하락 단타/하한가 반등,G2063;G2064,S02 예시집 섹션2 #31 / G2063·G2064 + KRX 실측,"**쩜 하한가 -5.24%**(주가조작 7연속 하한가). 실측 O3,800 H4,680 L3,745 C4,220(+5.24%)·**8,510억**. 시초 1,000억=관심도 최상→강한 진입, 데이트 연결"
CASE-0126,126,성공,2023-11-02,티사이언티픽,057680,갭하락 단타,하한가 반등,갭하락 단타/하한가 반등,G2065;G2066,S02 예시집 섹션2 #32 / G2065·G2066 + KRX 실측,"하한가 **-25.62%**(2거래일 -50% 하락폭). 실측 O1,510 H1,944 L1,484 C1,633(-19.56%)·307억. 큰 하락폭=반등 근거, 손절 후 재매수"
CASE-0127,127,성공,2023-11-01,피플바이오,304840,갭하락 단타,하한가 반등,갭하락 단타/하한가 반등,G2067;G2068,S02 예시집 섹션2 #33 / G2067·G2068 + KRX 실측,"하한가 후 **강보합 +1.27% 출발**(외국인 대량매도 악재). 실측 O3,185 H3,580 L3,165 C3,330(+5.88%)·49억. 강보합 성공 사례(인포마크와 대조)"
CASE-0128,128,성공,2023-10-31,퀀타피아,078940,갭하락 단타,하한가 반등,갭하락 단타/하한가 반등,G2069;G2070,S02 예시집 섹션2 #34 / G2069·G2070 + KRX 실측,"하한가 후 **강보합 +0.45% 출발**. 실측 O2,215 H2,795 L2,215 C2,505(+13.61%)·82억. 3% 진입 필터→8분 26% 상승 수익"
CASE-0129,129,성공,2023-10-27,대양금속,009190,갭하락 단타,하한가 반등,갭하락 단타/하한가 반등,G2071;G2072;G2074,S02 예시집 섹션2 #35 / G2071·G2072·G2074 + KRX 실측,"**쩜 하한가 -26.35%**(영풍제지 대주주=재료 연좌). 실측 O1,160 H1,429 L1,135 C1,283(-18.54%)·568억. 시초 100억→2%내 진입, 손절→재매수 손실복구"
CASE-0130,130,실패,2023-10-27,육일씨엔에쓰,191410,갭하락 단타,하한가 반등,갭하락 단타/하한가 반등,G2076,S02 예시집 섹션2 #36 / G2076 + KRX 실측,"하한가 **-17.66%**. 실측 O3,310 H3,450 L2,815 C2,830(-29.6%)·81억. ★매매불가: 같은 날 수급이 대양금속에 집중(관심도>하락률, 후보 경쟁 탈락)"
CASE-0131,131,성공,2024-01-08,베셀,177350,갭하락 단타,하한가 반등,갭하락 단타/하한가 반등,G2077;G2078,S02 예시집 섹션2 #37 / G2077·G2078 + KRX 실측,**당일 쩜 하한가 출발 후 풀림**(호재 후 차익실현=소멸 아님). 실측 O695 H870 L695 C789(-20.46%)·671억. 100억 미달→보수적 진입(목표 3~4%). ★2024년 사례
CASE-0132,132,실패,2023-10-24,유니퀘스트,077500,갭하락 단타,하한가 반등,갭하락 단타/하한가 반등,G2079,S02 예시집 섹션2 #38 / G2079 + KRX 실측,"하한가 **-2.64%**. 실측 O6,270 H6,370 L5,450 C5,700(-11.49%)·130억. ★매매보류: 재료 소멸(기업 분할합병)=배제 계열"
CASE-0133,133,성공,2023-10-19,진시스템,363250,갭하락 단타,하한가 반등,갭하락 단타/하한가 반등,G2081,S02 예시집 섹션2 #39 / G2081 + KRX 실측,"하한가 **-12.44%**. 실측 O10,910 H11,900 L10,630 C11,210(-10.03%)·107억. 음봉 시가 돌파(패턴1)+손절가(양봉 시가) 실물"
CASE-0134,134,실패,2023-10-18,대호에이엘,069460,갭하락 단타,하한가 반등,갭하락 단타/하한가 반등,G2082;G2083,S02 예시집 섹션2 #40 / G2082·G2083 + KRX 실측,"하한가 **-11.08%**(차익실현 하락=소멸 아님). 실측 O1,356 H1,430 L1,070 C1,126(-26.16%)·877억. ★매매불가: 개장 1초 3%↑ 동적VI(체결 게이트 2번째)"
CASE-0135,135,실패,2023-10-17,율호,072770,갭하락 단타,하한가 반등,갭하락 단타/하한가 반등,G2085;G2086,S02 예시집 섹션2 #41 / G2085·G2086 + KRX 실측,"하한가 후 **강보합 +0.76% 출발**(이유 없는 하락). 실측 O1,990 H2,250 L1,954 C2,105(+6.58%)·154억. ★손절(작은 거래대금 비중 조절)—손절 후 반등해도 원칙 손절(회상편향 방지)"
CASE-0136,136,실패,2023-10-11,제이스코홀딩스,023440,갭하락 단타,하한가 반등,갭하락 단타/하한가 반등,G2087;G2088,S02 예시집 섹션2 #42 / G2087·G2088 + KRX 실측,"하한가 후 **보합 0.00% 출발**. 실측 O1,610 H1,763 L1,571 C1,610(0.00%)·57억. ★저자 비선호(보합~강보합=선호 아님, 3% 필터+1분1~2억 제한)"
CASE-0137,137,성공,2023-10-10,에이스테크,088800,갭하락 단타,하한가 반등,갭하락 단타/하한가 반등,G2089;G2090,S02 예시집 섹션2 #43 / G2089·G2090 + KRX 실측,"**쩜 하한가 -20.77%**(유상증자 신주인수권 매도 첫날). 실측 O1,747 H1,798 L1,545 C1,545(-29.93%)·254억. 음봉 시가 돌파(패턴1), 100억↑→데이트 연결"
CASE-0138,138,성공,2023-10-11,에이스테크,088800,갭하락 단타,하한가 반등,갭하락 단타/하한가 반등,G2091,S02 예시집 섹션2 #44 / G2091 + KRX 실측,"하한가 **-0.32%**(2거래일 연속 하한가, #43 다음날). 실측 O1,540 H1,917 L1,537 C1,807(+16.96%)·631억. 큰 하락폭→낙주 수급, 손절 후 재매수"
CASE-0139,139,실패,2023-10-05,밀리의서재,418470,갭하락 단타,하한가 반등,갭하락 단타/하한가 반등,G2093;G2094,S02 예시집 섹션2 #45 / G2093·G2094 + KRX 실측,"하한가 **-5.66%**(신규주 IPO 직후). 실측 O27,500 H31,500 L24,300 C27,800(-4.63%)·1,633억. ★음봉 시가 돌파했으나 1분내 미상승→손절(패턴1 유효조건 미충족=실패 사례)"
CASE-0140,140,성공,2023-09-27,엑스페릭스,317770,갭하락 단타,하한가 반등,갭하락 단타/하한가 반등,G2098,S02 예시집 섹션2 #46 / G2098 + KRX 실측,"하한가 **-3.00%**(""끼""=과거 급등 이력, 추세붕괴 후 단타만). 실측 O4,830 H5,410 L4,515 C4,905(-0.10%)·145억. 진입 가능(단타)"
CASE-0141,141,성공,2023-09-27,대유에이텍,002880,갭하락 단타,하한가 반등,갭하락 단타/하한가 반등,G2100;G2101,S02 예시집 섹션2 #47 / G2100·G2101 + KRX 실측,하한가 **-27.68%**(대유위니아 계열 법정관리). 실측 O162 H242 L162 C211(-5.80%)·145억. 단타 한정(거래정지 리스크)→장중 35%↑에도 09:10 마무리
CASE-0142,142,실패,2023-09-26,위니아에이드,377460,갭하락 단타,하한가 반등,갭하락 단타/하한가 반등,G2103,S02 예시집 섹션2 #48 / G2103 + KRX 실측,"하한가 **-29.93%**(계열 법정관리 재료연좌). 실측 O1,405 H1,578 L1,405 C1,405(-29.93%)·707억. ★매매불가: 익숙하지 않은 비정형 흐름=능력범위 밖"
CASE-0143,143,성공,2023-09-27,위니아에이드,377460,갭하락 단타,하한가 반등,갭하락 단타/하한가 반등,G2104,S02 예시집 섹션2 #49 / G2104 + KRX 실측,"**쩜 하한가 -1.71%**(#48 다음날). 실측 O1,381 H1,722 L1,381 C1,549(+10.25%)·599억. 여유 있는 진입(조정 손절가 미이탈 홀드→재반등). 같은 종목 2일 대조(불가↔성공)"
CASE-0144,144,실패,2023-09-22,휴림에이텍,078590,갭하락 단타,하한가 반등,갭하락 단타/하한가 반등,G2105;G2107,S02 예시집 섹션2 #50 / G2105·G2107 + KRX 실측,하한가 **-17.65%**(거래재개 첫날). 실측 O686 H777 L668 C678(-18.61%)·189억. ★매매불가: 개장 8%↑ 동적VI(체결 게이트 3번째). ※CASE-0020(2023-11-17)과 별개
CASE-0145,145,성공,2024-04-16,라닉스,317120,상따(상한가),안정성 판별,상따(상한가)/안정성 판별,G4207,6-2권 상한가이론(4) / G4207~ + KRX 실측,"**쩜 상한가**(O=H=L=C 5,130, +29.87%)·34억. 자율주행 재료·자사주 취득. 호가 잔량 두꺼운 안정 상한가=저자 성공/안정 예시"
CASE-0146,146,성공,2024-04-16,대동전자,008110,상따(상한가),안정성 판별,상따(상한가)/안정성 판별,G4207,6-2권 상한가이론(4) / G4207~ + KRX 실측,"상한가 마감 O10,440 H=C11,800(+29.96%)·75억. 품절주+자사주 호재. 안정 상한가=저자 성공 예시"
CASE-0147,147,실패,2024-04-16,한컴라이프케어,372910,상따(상한가),안정성 판별,상따(상한가)/안정성 판별,G4208,6-2권 상한가이론(4) / G4208~ + KRX 실측,"상한가 마감이나 O4,635 H=C6,020(+29.88%)·499억, ★분봉 불안정(호가 잔량 3% 미만·반복 풀림 리스크). 경영권 매각 호재. 저자 불안정/주의 예시=실패"
CASE-0148,148,실패,2024-04-16,에스바이오메딕스,304360,상따(상한가),안정성 판별,상따(상한가)/안정성 판별,G4212,6-2권 상한가이론(4) / G4212~ + KRX 실측,"상한가 마감이나 O21,050 H=C26,800(+29.78%)·1,087억, ★불안정(상한가 반복 풀림). 바이오 재료. 저자 불안정 예시=실패"
CASE-0149,149,성공,2024-02-16,케어랩스,263700,상따(상한가),대장주 교체,상따(상한가)/대장주 교체,G4225;G4226,6-2권 상한가이론(5) / G4225·G4226 + KRX 실측,"상한가 마감 O4,520 H=C5,730(+29.93%)·352억. ★2등주→대장주 교체(신 대장주 부각), 종가 유지·다음날 +19.90%=성공"
CASE-0150,150,성공,2024-02-16,인성정보,033230,상따(상한가),대장주 교체,상따(상한가)/대장주 교체,G4225;G4226,6-2권 상한가이론(5) / G4225·G4226 + KRX 실측,"상한가 마감 O4,205 H=C5,090(+29.85%)·**3,506억**. 구 대장주(케어랩스에 대장 자리 내줬으나 상한가 유지·다음날 +11.59%). 대장주 교체 대조군"
CASE-0151,151,실패,2024-02-29,스톤브릿지벤처스,330730,상따(상한가),대장주 판별,상따(상한가)/대장주 판별,G4224,6-2권 상한가이론(5) / G4224 + KRX 실측,"상한가 마감 O4,645 H=C5,740(+29.86%)·497억. ★2등주(대장주=컴퍼니케이 CASE-0078). 겨우 상한가 도달 후 다음날 03-04 -7.67% 약세=저자 2등주 배제 예시. ※CASE-0080(03-06)과 별개"
CASE-0152,152,성공,2024-02-27,동일고무벨트,163560,상따(상한가),대장주 판별,상따(상한가)/대장주 판별,G4228;G4229,6-2권 상한가이론(5) / G4228·G4229 + KRX 실측,"상한가 마감 O6,680 H=C8,680(+29.94%)·297억. ★대장주(관심 집중). 다음날 02-28 갭+7.37%·장중 +28.80%=대장주 상따 성공"
CASE-0153,153,실패,2024-02-27,DRB동일,004840,상따(상한가),대장주 판별,상따(상한가)/대장주 판별,G4228;G4229,6-2권 상한가이론(5) / G4228·G4229 + KRX 실측,"상한가 도달하나 O5,750 H=C7,470(+29.91%)·521억, ★2등주(동일고무벨트 모회사이나 관심 밀림)·분봉 불안정. 다음날 02-28 갭-0.27%·장중 -10.17% 약세=저자 2등주 배제 예시"
CASE-0154,154,실패,2024-03-20,큐라클,365270,상따,선취매 위험(고가-종가 괴리),상따/선취매 위험(고가-종가 괴리),G4158;G4160,6-2권 상한가이론(1) / G4158~G4160 + KRX 실측,"장중 고가 +29.13%(상한가 근접)→종가 +22.24% 되밀림. 실측 O15,240 H19,680 L15,240 C18,630·646억. 선취매(25~28%) 후 상한가 미달=저자 선취매 위험 대표 예시"
CASE-0155,155,실패,2024-03-29,롯데손해보험,000400,상따,선취매 위험(고가-종가 괴리),상따/선취매 위험(고가-종가 괴리),G4164,6-2권 상한가이론(1) / G4164 + KRX 실측,"고가 +29.64%→종가 +14.11% 되밀림. 실측 O2,795 H3,630 L2,770 C3,195·592억. 고가~종가 -15.5%p"
CASE-0156,156,실패,2024-03-29,뉴보텍,060260,상따,선취매 위험(고가-종가 괴리),상따/선취매 위험(고가-종가 괴리),G4164,6-2권 상한가이론(1) / G4164 + KRX 실측,고가 +29.32%→종가 +7.17% 되밀림. 실측 O775 H794 L658 C658·66억. 고가~종가 -22%p
CASE-0157,157,실패,2024-03-29,코디,080530,상따,선취매 위험(고가-종가 괴리),상따/선취매 위험(고가-종가 괴리),G4164,6-2권 상한가이론(1) / G4164 + KRX 실측,"고가 +28.27%→종가 +10.44% 되밀림. 실측 O2,700 H3,380 L2,645 C2,910·179억"
CASE-0158,158,실패,2024-03-29,SNT에너지,100840,상따,선취매 위험(고가-종가 괴리),상따/선취매 위험(고가-종가 괴리),G4164,6-2권 상한가이론(1) / G4164 + KRX 실측,"고가 +29.66%→종가 +22.44% 되밀림. 실측 O28,500 H32,350 L26,450 C30,550·614억"
CASE-0159,159,실패,2024-04-01,우리산업홀딩스,072470,상따,선취매 위험(고가-종가 괴리),상따/선취매 위험(고가-종가 괴리),G4164,6-2권 상한가이론(1) / G4164 + KRX 실측,"고가 +25.82%→종가 +10.63% 되밀림. 실측 O4,520 H4,970 L4,200 C4,370·160억. ※CASE-0047(2022-08-03)과 별개"
CASE-0160,160,실패,2024-04-01,윈팩,097800,상따,선취매 위험(고가-종가 괴리),상따/선취매 위험(고가-종가 괴리),G4164,6-2권 상한가이론(1) / G4164 + KRX 실측,"고가 +27.58%→종가 +10.73% 되밀림. 실측 O1,420 H1,582 L1,332 C1,373·135억(권리락 -21.02%)"
CASE-0161,161,실패,2024-04-01,파수,150900,상따,선취매 위험(고가-종가 괴리)·거래원 회피,상따/선취매 위험(고가-종가 괴리)·거래원 회피,G4164;G4165,6-2권 상한가이론(1) / G4164·G4165 + KRX 실측,"고가 +25.36%→종가 +7.77% 되밀림. 실측 O6,330 H7,910 L6,300 C6,800·364억. ★분봉 되밀림=이베스트 거래원 1~2위 개입(5권 회피 규칙) 이중"
CASE-0162,162,실패,2024-04-02,우리엔터프라이즈,037400,상따,선취매 위험(고가-종가 괴리),상따/선취매 위험(고가-종가 괴리),G4166,6-2권 상한가이론(1) / G4166 + KRX 실측,"장중 고가 +29%대(H2,040)→종가 +2.53% 되밀림. 실측 O1,650 H2,040 L1,595 C1,620·105억"
CASE-0163,163,실패,2024-04-02,현대바이오랜드,052260,상따,선취매 위험(고가-종가 괴리),상따/선취매 위험(고가-종가 괴리),G4166,6-2권 상한가이론(1) / G4166 + KRX 실측,"장중 고가 +27%대(H11,350)→종가 +5.36% 되밀림. 실측 O8,950 H11,350 L8,910 C9,440·209억"
CASE-0164,164,실패,2024-04-02,엑시콘,092870,상따,선취매 위험(고가-종가 괴리),상따/선취매 위험(고가-종가 괴리),G4166,6-2권 상한가이론(1) / G4166 + KRX 실측,"고가 +29%대→종가 +21.94% 되밀림. 실측 O27,650 H35,400 L27,650 C33,350·5,433억"
CASE-0165,165,실패,2024-04-02,마이크로투나노,424980,상따,선취매 위험(고가-종가 괴리),상따/선취매 위험(고가-종가 괴리),G4166,6-2권 상한가이론(1) / G4166 + KRX 실측,"장중 고가 +27%대(H15,400)→종가 +13.51% 되밀림. 실측 O12,020 H15,400 L12,020 C13,780·184억"
CASE-0166,166,성공,2023-11-16,디티앤씨알오,383930,상따,테마 순환매 대장주 교체,상따/테마 순환매 대장주 교체,G4236,6-2권 상한가이론(6) / G4236 + KRX 실측,"한동훈 정치 테마 순환매. 발생일 11-16 첫 상한가 O3,745 H=C4,770(+29.97%)·129억. 상한가 5회(11/16·12/22·12/26·12/27·2024-01/09), 디티앤씨와 날짜별 대장주 교체. ※CASE-0093(2024-01-11 갭하락)과 별개"
CASE-0167,167,성공,2023-11-20,디티앤씨,187220,상따,테마 순환매 대장주 교체,상따/테마 순환매 대장주 교체,G4236,6-2권 상한가이론(6) / G4236 + KRX 실측,"한동훈 정치 테마 순환매. 발생일 11-20 첫 상한가 O4,000 H=C5,000(+29.87%)·141억. 상한가 3회(11/20·11/21·2024-01/02), 디티앤씨알오와 대장주 교체"
CASE-0168,168,성공,2024-03-28,필옵틱스,161580,상따,테마 순환매 대장주 교체,상따/테마 순환매 대장주 교체,G4237,6-2권 상한가이론(6) / G4237 + KRX 실측,"유리기판 테마 순환매(1번 대장주). 상한가 O15,460 H=C20,300(+29.88%)·1,934억. 03/28 필옵틱스→04/04 와이씨켐→04/08 제이앤티씨 순환 교체"
CASE-0169,169,성공,2024-04-04,와이씨켐,112290,상따,테마 순환매 대장주 교체,상따/테마 순환매 대장주 교체,G4237,6-2권 상한가이론(6) / G4237 + KRX 실측,"유리기판 테마 순환매(2번 대장주). 상한가 O23,200 H=C29,400(+29.80%)·1,521억. 필옵틱스(03/28) 다음 교체 대장주"
CASE-0170,170,성공,2024-04-08,제이앤티씨,204270,상따,테마 순환매 대장주 교체,상따/테마 순환매 대장주 교체,G4237,6-2권 상한가이론(6) / G4237 + KRX 실측,"유리기판 테마 순환매(3번 대장주). 상한가 O19,500 H=C22,200(+29.82%)·4,308억. 와이씨켐(04/04) 다음 교체 대장주"
CASE-0171,171,성공,2024-04-01,데이타솔루션,263800,상따,이상적 안정 상한가(다음날 갭상),상따/이상적 안정 상한가(다음날 갭상),G4267,6-2권 상한가이론(11) / G4267 + KRX 실측,"안정 상한가(안 풀린 채 종가 유지) O6,340 H=C7,630(+29.98%)·1,403억 → 다음날 04-02 **+7.08% 갭상**(O8,170). 상한가 시 큰 거래대금·이후 감소=안정 시그니처"
CASE-0172,172,성공,2024-03-29,SK이터닉스,475150,상따,이상적 안정 상한가(다음날 갭상),상따/이상적 안정 상한가(다음날 갭상),G4267,6-2권 상한가이론(11) / G4267 + KRX 실측,"안정 상한가 O9,880 H=C12,840(+29.96%)·57억 → 다음날 04-01 **+15% 갭상**(O15,560). 연속 상한가 이상적 흐름"
CASE-0173,173,성공,2024-04-01,SK이터닉스,475150,상따,이상적 안정 상한가(다음날 갭상),상따/이상적 안정 상한가(다음날 갭상),G4267,6-2권 상한가이론(11) / G4267 + KRX 실측,"안정 상한가 O15,560 H=C16,690(+29.98%)·1,860억 → 다음날 04-02 **+13% 갭상**(O19,220). ※CASE-0172(03-29)와 연속 상한가 별개일"
CASE-0174,174,성공,2024-04-01,리더스코스메틱,016100,상따,이상적 안정 상한가(다음날 갭상),상따/이상적 안정 상한가(다음날 갭상),G4267,6-2권 상한가이론(11) / G4267 + KRX 실측,"안정 상한가 O1,980 H=C2,575(+29.85%)·29억 → 다음날 04-02 **+9.51% 갭상**(O2,820)"
CASE-0175,175,성공,2024-04-04,램테크놀러지,171010,상따,이상적 안정 상한가(다음날 갭상),상따/이상적 안정 상한가(다음날 갭상),G4267,6-2권 상한가이론(11) / G4267 + KRX 실측,"안정 상한가 O4,570 H=C5,910(+29.89%)·189억 → 다음날 04-05 **+8.29% 갭상**(O6,400). ※와이씨켐(04-04 이상적)=CASE-0169·씨엔알리서치(04-02 불안정)=CASE-0009 dedup"
CASE-0176,176,성공,2024-04-30,마녀공장,439090,상따,Case(1) 차트 타점,상따/Case(1) 차트 타점,G4288,6-2권 상한가이론(13) / G4288 + KRX 실측,"고점 돌파+큰 거래대금 차트 타점. 실측 O19,680 H24,100 L19,680 C23,350(+18.71%)·2,973억. 단일 고점 여러 번 형성형 Case(1) 매수"
CASE-0177,177,성공,2024-04-05,대원전선,006340,상따,Case(1) 차트 타점,상따/Case(1) 차트 타점,G4288,6-2권 상한가이론(13) / G4288 + KRX 실측,"AI 전력+구리 재료. 상한가 O1,884 H=C2,095(+29.88%)·2,051억. 27~28% 후 고점 돌파 Case(1) 타점"
CASE-0178,178,성공,2024-05-07,대원전선,006340,상따,Case(1) 차트 타점,상따/Case(1) 차트 타점,G4288,6-2권 상한가이론(13) / G4288 + KRX 실측,"AI 전력 모멘텀 지속(장 막판 상한가). 상한가 O3,300 H=C4,170(+29.91%)·5,072억. ※04-05(0177)과 별개일"
CASE-0179,179,성공,2024-04-15,대원전선우,006345,상따,Case(1) 차트 타점,상따/Case(1) 차트 타점,G4288,6-2권 상한가이론(13) / G4288 + KRX 실측,"우선주(전선·전력 테마). 상한가 O5,380 H=C5,750(+29.94%)·163억"
CASE-0180,180,성공,2024-05-07,대원전선우,006345,상따,Case(1) 차트 타점,상따/Case(1) 차트 타점,G4288,6-2권 상한가이론(13) / G4288 + KRX 실측,"우선주 재상승. 실측 O6,970 H8,750 L6,800 C8,290(+21.55%)·533억. ※04-15(0179)과 별개일"
CASE-0181,181,성공,2024-04-18,제일전기공업,199820,상따,Case(1) 차트 타점,상따/Case(1) 차트 타점,G4288,6-2권 상한가이론(13) / G4288 + KRX 실측,"이튼 PCB 재료. 상한가 O12,550 H=C15,920(+29.96%)·1,553억(제일일렉트릭=현 제일전기공업)"
CASE-0182,182,성공,2024-05-07,세명전기,017510,상따,Case(1) 차트 타점,상따/Case(1) 차트 타점,G4288,6-2권 상한가이론(13) / G4288 + KRX 실측,"HVDC 재료. 상한가 O4,600 H=C5,880(+29.94%)·434억"
CASE-0183,183,성공,2024-04-15,KBI메탈,024840,상따,Case(1) 차트 타점,상따/Case(1) 차트 타점,G4288,6-2권 상한가이론(13) / G4288 + KRX 실측,"전선·전력 후발주. 상한가 O1,886 H=C2,130(+29.80%)·584억"
CASE-0184,184,성공,2024-04-02,흥구석유,024060,상따,Case(1) 차트 타점,상따/Case(1) 차트 타점,G4288,6-2권 상한가이론(13) / G4288 + KRX 실측,"이-팔 전쟁+유가 테마(풋 성격). 상한가 O10,490 H=C13,050(+29.98%)·2,828억. ※CASE-0058(24-01-12)·0087(23-10-11)과 별개"
CASE-0185,185,성공,2024-05-08,픽셀플러스,087600,상따,Case(2) 호가창 타점,상따/Case(2) 호가창 타점,G4295,6-2권 상한가이론(13) / G4295 + KRX 실측,"호가창 대량 물량 돌파 타점. 상한가 O9,200 H=C11,490(+29.98%)·239억"
CASE-0186,186,성공,2024-04-11,바이오스마트,038460,상따,Case(2) 호가창 타점,상따/Case(2) 호가창 타점,G4295,6-2권 상한가이론(13) / G4295 + KRX 실측,"구리 소재 독과점 재료. 상한가 O4,035 H=C5,310(+29.83%)·664억"
CASE-0187,187,성공,2024-04-12,에스피소프트,443670,상따,Case(2) 호가창 타점,상따/Case(2) 호가창 타점,G4295,6-2권 상한가이론(13) / G4295 + KRX 실측,"MS AI 재료. 상한가 O15,060 H=C19,110(+30.0%)·1,542억. ※CASE-0076(24-02-15)과 별개일"
CASE-0188,188,성공,2024-04-29,LS에코에너지,229640,상따,Case(2) 호가창 타점,상따/Case(2) 호가창 타점,G4295,6-2권 상한가이론(13) / G4295 + KRX 실측,"전력 수요 재료. 상한가 O21,300 H=C27,150(+29.9%)·1,639억"
CASE-0189,189,성공,2024-05-02,레이저쎌,412350,상따,Case(2) 호가창 타점,상따/Case(2) 호가창 타점,G4295,6-2권 상한가이론(13) / G4295 + KRX 실측,"인텔·마이크론 LC본더 재료. 상한가 O9,760 H=C12,620(+29.97%)·651억"
CASE-0190,190,성공,2024-04-02,SK이터닉스,475150,상따,Case(2) 호가창 타점,상따/Case(2) 호가창 타점,G4295,6-2권 상한가이론(13) / G4295 + KRX 실측,"인적분할 신규상장. 상한가 O19,220 H=C21,650(+29.72%)·1,728억. ※CASE-0172(03-29)·0173(04-01)과 연속 상한가 3일차 별개"
CASE-0191,191,성공,2024-05-27,에너토크,019990,상따,원전 테마 상한가(실매매),상따/원전 테마 상한가(실매매),G4313;G4330,6-3권 22-2 / G4313·G4330 + KRX 실측,"원전 테마. 상한가 O6,700 H=C8,450(+30.0%)·183억. ★필자 실매매"
CASE-0192,192,성공,2024-05-27,우진엔텍,457550,상따,원전 테마 상한가,상따/원전 테마 상한가,G4330,6-3권 22-2 / G4330 + KRX 실측,"원전 테마 대장 후보. 상한가 O36,900 H=C43,800(+29.97%)·2,929억"
CASE-0193,193,성공,2024-05-27,두산에너빌리티,034020,상따,원전 테마 상한가,상따/원전 테마 상한가,G4330,6-3권 22-2 / G4330 + KRX 실측,"원전 대형 대장. 실측 O20,050 H21,750 L19,700 C21,300(+16.65%)·1조4,326억"
CASE-0194,194,성공,2024-02-06,이수스페셜티케미컬,457190,짝짓기,대장주 상한가,짝짓기/대장주 상한가,G4368,6-3권 22-2 짝짓기 / G4368 + KRX 실측,"삼성SDI 전고체+이수엑사켐 합병. 대장주 상한가 O198,300 H=C253,500(+29.87%)·3,413억. ※CASE-0046(02-08)·0071(02-07)과 별개일"
CASE-0195,195,성공,2024-02-06,이수화학,005950,짝짓기,2등주 수급전이,짝짓기/2등주 수급전이,G4368,6-3권 22-2 짝짓기 / G4368 + KRX 실측,"이수스페셜티케미컬 분할 모회사(흐름 동조). 실측 O12,400 H14,490 L12,370 C13,310(+7.08%)·966억. 대장 상한가 시점 매수→최고 14,490(10:40) 매도"
CASE-0196,196,성공,2024-05-16,한국화장품제조,003350,짝짓기,대장주 상한가,짝짓기/대장주 상한가,G4369;G4371,6-3권 22-2 짝짓기 / G4369·G4371 + KRX 실측,"1분기 호실적(화장품 테마 대장). 상한가 O33,300 H=C36,700(+29.91%)·519억. 개장 11분 만에 상한가"
CASE-0197,197,성공,2024-05-16,한국화장품,123690,짝짓기,2등주 수급전이,짝짓기/2등주 수급전이,G4369;G4371,6-3권 22-2 짝짓기 / G4369·G4371 + KRX 실측,"한국화장품제조 인적분할 기업(흐름 동조). 상한가 O8,250 H=C9,880(+30.0%)·770억"
CASE-0198,198,성공,2024-07-01,인벤티지랩,389470,짝짓기,대장주 상한가,짝짓기/대장주 상한가,G4363,6-3권 22-2 짝짓기 / G4363 + KRX 실측,"비만 치료제 테마 대장. 상한가 O11,300 H=C14,350(+29.98%)·409억. ※CASE-0038(23-08-01)·0113(23-11-15)과 별개"
CASE-0199,199,실패,2024-07-01,펩트론,087010,짝짓기,흐름 독립 실패,짝짓기/흐름 독립 실패,G4363,6-3권 22-2 짝짓기 / G4363 + KRX 실측,"비만 치료제 2등주. 실측 O49,400 H60,900 L49,200 C58,300(+18.14%)·3,225억. ★짝짓기 실패: 2차 상승 시점 불일치(펩트론 10시 이전·인벤티지랩 10:30 이후)→대장 상한가 시점 지지부진=흐름 독립"
CASE-0200,200,성공,2024-06-21,GS글로벌,001250,짝짓기,대장주 상한가,짝짓기/대장주 상한가,G4372,6-3권 22-2 짝짓기 / G4372 + KRX 실측,"상한가 O2,490 H=C3,210(+29.96%)·564억. ※CASE-0086(23-10-16)과 별개"
CASE-0201,201,성공,2024-06-21,GS,078930,짝짓기,2등주 수급전이,짝짓기/2등주 수급전이,G4372,6-3권 22-2 짝짓기 / G4372 + KRX 실측,"GS글로벌 대체 종목(핵심 종목 미상장 시 관련주). 실측 O44,600 H57,500 L44,200 C53,900(+20.85%)·2,371억"
CASE-0202,202,성공,2024-07-08,사조대림,003960,짝짓기,대장주 상한가,짝짓기/대장주 상한가,G4373,6-3권 22-2 짝짓기 / G4373 + KRX 실측,"K-냉동김밥 테마 대장. 상한가 O83,700 H=C99,400(+29.93%)·432억"
CASE-0203,203,성공,2024-07-08,사조씨푸드,014710,짝짓기,2등주 수급전이,짝짓기/2등주 수급전이,G4373,6-3권 22-2 짝짓기 / G4373 + KRX 실측,"사조 그룹주 짝짓기. 상한가 O6,410 H=C7,980(+29.97%)·617억"
CASE-0204,204,성공,2024-07-09,한전산업,130660,짝짓기,대장주 상한가,짝짓기/대장주 상한가,G4374,6-3권 22-2 짝짓기 / G4374 + KRX 실측,"체코 원전 우선협상자 기대(테마 대장). 상한가 O11,550 H=C14,670(+29.94%)·2,268억"
CASE-0205,205,성공,2024-07-09,우리기술,032820,짝짓기,2등주 수급전이,짝짓기/2등주 수급전이,G4374,6-3권 22-2 짝짓기 / G4374 + KRX 실측,"체코 원전 2등주(★큰 거래대금 5,000억↑=2등주 판별). 실측 O2,430 H2,915 L2,420 C2,825(+20.73%)·5,229억. 한전산업 상한가 시점 7~9% 수익"
CASE-0206,206,성공,2024-07-09,서전기전,189860,짝짓기,2등주 수급전이,짝짓기/2등주 수급전이,G4374,6-3권 22-2 짝짓기 / G4374 + KRX 실측,"체코 원전 관련(거래대금 500억 미만 하위 등주). 상한가 O5,690 H=C7,130(+29.87%)·495억"
CASE-0207,207,실패,2024-07-09,SNT에너지,100840,짝짓기,흐름 독립 실패,짝짓기/흐름 독립 실패,G4374,6-3권 22-2 짝짓기 / G4374 + KRX 실측,"체코 원전 테마 상승하나 ★대장주(한전산업)와 상승 시작 시간 어긋남→흐름 독립=짝짓기 제외 반례. 실측 O12,470 H16,100 L12,410 C15,490(+24.22%)·960억. ※CASE-0158(24-03-29)과 별개"
CASE-0208,208,성공,2023-04-07,한국ANKOR유전,152550,상따,끼 종목 비정상 급락 반등(실매매),상따/끼 종목 비정상 급락 반등(실매매),G4342;G4344,6-3권 22-1 소제목③ / G4342·G4344 + KRX 실측,끼 좋은 종목(연속 상한가 습성). 실측 O577 H629 L531 C629(+29.96%)·434억. 장중 -10% 비정상 급락(고629 11:24→저531 15:07) 상한가이탈검색기 포착→반등 매수→7~9% 수익. ★필자 실매매
CASE-0209,209,성공,2023-10-16,한국ANKOR유전,152550,상따,풋성격 유가 다각(실매매),상따/풋성격 유가 다각(실매매),G4348;G4351,6-3권 22-1 소제목③ / G4348~G4351 + KRX 실측,"이-팔 전쟁 국제유가 급등(풋 성격). 실측 O900 H994 L770 C841(+7.0%)·2,490억(일봉 최고 994 노트 일치). 연속 상한가 종목 다각 매매(눌림목/횡보 반복·다음날 갭상 여유·하한가풀림 VI 매수). ★필자 실매매"
CASE-0210,210,성공,2023-10-16,한국석유,004090,상따,유가 테마(재료 실증),상따/유가 테마(재료 실증),G4348,6-3권 22-1 소제목③ / G4348 + KRX 실측,"이-팔 전쟁 유가 테마 동반 급등. 실측 O17,000 H19,370 L15,050 C16,540(+9.9%)·2,562억. ※흥구석유·ANKOR유전과 동일 재료(저자 매매는 ANKOR/흥구 중심, 한국석유=테마 실증·손익 미서술)"
CASE-0211,211,실패,2024-04-18,하이스틸,071090,상따,상한가 반복 풀림,상따/상한가 반복 풀림,G4308,6-2권 상한가이론 / G4308 + KRX 실측,"중국 철강 관세 재료. 실측 O3,360 H3,775 L3,320 C3,430(+18.07%)·612억. ★상한가 도달 후 풀려 +18% 마감=상한가 반복 풀림(불안정 whipsaw) 대응 예시"
CASE-0212,212,실패,2024-04-04,판타지오,032800,상따,불안정 상한가,상따/불안정 상한가,G4266,6-2권 상한가이론(11) / G4266 + KRX 실측,"상한가 마감 O257 H=C332(+29.69%)·224억이나 ★불안정하게 상한가 도달(지저분한 흐름). 저자 선호 X, 불안정 2~3번↑ 시 종목 교체 예시"
CASE-0213,213,실패,2023-10-16,빅텍,065450,상따,방산 약세 대조군,상따/방산 약세 대조군,G4230,6-2권 상한가이론(5) / G4230 + KRX 실측,"이-팔 전쟁 방산 테마이나 대장주 대비 약세. 실측 O5,520 H6,200 L4,810 C5,200(-2.07%)·2,110억. ★대장주 판별 반례(2등주 약세=매매 회피 대조군)"
CASE-0214,214,실패,2023-10-16,스페코,013810,상따,방산 약세 대조군,상따/방산 약세 대조군,G4230,6-2권 상한가이론(5) / G4230 + KRX 실측,"이-팔 전쟁 방산 테마이나 약세. 실측 O4,135 H4,545 L3,715 C4,020(-0.62%)·204억. ★대장주 판별 반례(약세 대조군)"
CASE-0215,215,성공,2023-02-28,미래컴퍼니,049950,적정거래대금,거래대금디테일 1번→2번,적정거래대금/거래대금디테일 1번→2번,G5162;G5166,스윙 07 거래대금디테일 자료집 p.148~152 / G5162~G5166 + KRX 실측,"삼성 헬스케어 로봇 M&A 재료. 1번 첫 수급 발생일 02-28 상한가 O23,900 H=C30,150(+29.96%)·1,207억 → 반복 재료 2차 상승(03-27 세브란스 H49,700·06-28 재부각·08-02 H50,800). 거래대금 디테일 1번→2번 패턴 실증"
CASE-0216,216,성공,2023-05-22,웰바이오텍,010600,적정거래대금,거래대금디테일 1번→2번,적정거래대금/거래대금디테일 1번→2번,G5167;G5169,스윙 07 거래대금디테일 자료집 p.153~155 / G5167~G5169 + KRX 실측,"우크라이나 재건 사업 재료. 1번 첫 수급 발생일 05-22 상한가 O1,693 H=C2,190(+29.97%)·579억 → 재료 릴레이(05-25 조인트벤처·06-29 전기차·07-12 리튬 원광·07-17 리튬 제련) 계단식 본격 상승(최고 5,610). 1번→2번 반복 파동"
CASE-0217,217,성공,2023-07-17,알체라,347860,적정거래대금,거래대금디테일 1번→2번,적정거래대금/거래대금디테일 1번→2번,G5160;G5161,스윙 07 거래대금디테일 자료집 p.146~147 / G5160~G5161 + KRX 실측,"하이퍼클로바 AI 재료. 1번 첫 수급 발생일 07-17 상한가 O9,220 H=C11,990(+29.9%)·420억 → 2차 본격 상승 07-31(네이버 하이퍼클로바 출시, 상한가 H14,230 +29.95%). 거래대금 디테일 1번→2번"
CASE-0218,218,성공,2023-01-25,안랩,053800,기준봉 패턴,재료→기준봉→상승,기준봉 패턴/재료→기준봉→상승,G5358,스윙 09_주가재료관계 / G5358 + KRX 실측,"정치테마(안철수 양자대결 우세). 기준봉일 상한가 O73,300 H=C91,200(+29.91%)·3,188억. 천고점 돌파+수급 유입 상따"
CASE-0219,219,성공,2023-01-17,레인보우로보틱스,277810,기준봉 패턴,재료→기준봉→상승,기준봉 패턴/재료→기준봉→상승,,스윙 09_주가재료관계 + KRX 실측,"삼성 로봇 출시 기대. 기준봉일 O57,200 H63,500 C63,200(+11.46%)·2,384억(고가 87,200까지 상승)"
CASE-0220,220,성공,2023-02-02,소니드,060230,기준봉 패턴,재료→기준봉→상승,기준봉 패턴/재료→기준봉→상승,G5344,스윙 09_주가재료관계 / G5344 + KRX 실측,"다믈멀티미디어 인수 참여. 기준봉일 상한가 O4,735 H=C6,100(+29.93%)·2,264억. 기준봉 시가 돌파+눌림목 데이트레이딩"
CASE-0221,221,성공,2023-02-20,소니드,060230,기준봉 패턴,재료→기준봉→상승,기준봉 패턴/재료→기준봉→상승,G5345,스윙 09_주가재료관계 / G5345 + KRX 실측,"폐배터리 전처리 인수(별개 파동). O4,525 H5,170 C4,875(+8.94%)·481억. 수급 유입 구간 기준봉 스윙. ※0220과 별개일"
CASE-0222,222,성공,2023-02-23,티로보틱스,117730,기준봉 패턴,재료→기준봉→상승,기준봉 패턴/재료→기준봉→상승,,스윙 09_주가재료관계 + KRX 실측,"자율주행로봇·SK 2차전지 자동화. 기준봉일 O7,670 H8,990 C8,540(+11.78%)·637억"
CASE-0223,223,성공,2023-02-24,폴라리스오피스,041020,기준봉 패턴,재료→기준봉→상승,기준봉 패턴/재료→기준봉→상승,,스윙 09_주가재료관계 + KRX 실측,"지분가치·AI. 기준봉일 O1,954 H2,270 C2,105(+9.07%)·285억. ※CASE-0057(2024-01-11)과 별개"
CASE-0224,224,성공,2023-02-03,한국정보통신,025770,기준봉 패턴,재료→기준봉→상승,기준봉 패턴/재료→기준봉→상승,G5343,스윙 09_주가재료관계 / G5343 + KRX 실측,"애플페이 국내 개시. 기준봉일 O12,520 H16,270 C15,770(+25.96%)·2,387억(고가 18,330까지)"
CASE-0225,225,성공,2023-03-06,포스코엠텍,009520,기준봉 패턴,재료→기준봉→상승,기준봉 패턴/재료→기준봉→상승,,스윙 09_주가재료관계 + KRX 실측,"2차전지·철강. 기준봉일 상한가 O9,130 H=C11,550(+29.92%)·4,896억"
CASE-0226,226,성공,2023-03-10,케이씨에스,115500,기준봉 패턴,재료→기준봉→상승,기준봉 패턴/재료→기준봉→상승,G5341;G5342,스윙 09_주가재료관계 / G5341·G5342 + KRX 실측,"정부 양자기술 투자. 기준봉일 상한가 O9,790 H=C11,860(+29.9%)·1,913억. 기준봉 시가 매수 1박2일 스윙"
CASE-0227,227,성공,2023-03-21,STX,011810,기준봉 패턴,재료→기준봉→상승,기준봉 패턴/재료→기준봉→상승,,스윙 09_주가재료관계 + KRX 실측,"인적분할·美 보조금. 기준봉일 O4,610 H5,820 C5,380(+20.09%)·564억"
CASE-0228,228,성공,2023-03-24,한미반도체,042700,기준봉 패턴,재료→기준봉→상승,기준봉 패턴/재료→기준봉→상승,,스윙 09_주가재료관계 + KRX 실측,"반도체 업황. 기준봉일 O16,850 H20,600 C19,940(+21.88%)·5,487억. ※CASE-0045(2024-02-13)와 별개"
CASE-0229,229,성공,2023-04-03,이구산업,025820,기준봉 패턴,재료→기준봉→상승,기준봉 패턴/재료→기준봉→상승,,스윙 09_주가재료관계 + KRX 실측,"이차전지 구리·원자재. 기준봉일 상한가 O3,545 H=C4,400(+29.99%)·1,298억"
CASE-0230,230,성공,2023-04-05,랩지노믹스,084650,기준봉 패턴,재료→기준봉→상승,기준봉 패턴/재료→기준봉→상승,,스윙 09_주가재료관계 + KRX 실측,"암 정복 정책·클리아랩 인수. 기준봉일 O5,450 H6,750 C6,470(+19.59%)·855억"
CASE-0231,231,성공,2023-04-24,신성이엔지,011930,기준봉 패턴,재료→기준봉→상승,기준봉 패턴/재료→기준봉→상승,,스윙 09_주가재료관계 + KRX 실측,"온실가스 제로·삼성 클린룸. 기준봉일 O2,060 H2,365 C2,340(+15.84%)·1,722억"
CASE-0232,232,성공,2023-06-21,동운아나텍,094170,기준봉 패턴,재료→기준봉→상승,기준봉 패턴/재료→기준봉→상승,,스윙 09_주가재료관계 + KRX 실측,"타액 혈당 측정. 기준봉일 상한가 O10,000 H=C12,090(+30.0%)·1,540억"
CASE-0233,233,성공,2023-06-29,펩트론,087010,기준봉 패턴,재료→기준봉→상승,기준봉 패턴/재료→기준봉→상승,,스윙 09_주가재료관계 + KRX 실측,"비만·당뇨 치료제 라이선싱. 기준봉일 O10,800 H12,800 C11,400(+4.68%)·333억(고가 17,000+). ※CASE-0199(2024-07-01)와 별개"
CASE-0234,234,성공,2022-07-07,유일로보틱스,388720,기준봉 패턴,재료→기준봉→상승,기준봉 패턴/재료→기준봉→상승,G5339,스윙 09_주가재료관계 / G5339 + KRX 실측,"현대차 산업로봇 공급. 기준봉일 상한가 O15,550 H=C20,050(+29.77%)·381억"
CASE-0235,235,성공,2022-08-03,켐트로스,220260,기준봉 패턴,재료→기준봉→상승,기준봉 패턴/재료→기준봉→상승,G5340,스윙 09_주가재료관계 / G5340 + KRX 실측,"전해액 첨가제 국산화·현대차 공급. 기준봉일 O8,120 H10,500 C10,100(+23.47%)·1,642억"
CASE-0236,236,성공,2022-04-04,패션플랫폼,225590,기준봉 패턴,재료→기준봉→상승,기준봉 패턴/재료→기준봉→상승,G5346,스윙 09_주가재료관계 / G5346 + KRX 실측,"마스크 해제 리오프닝. 기준봉일 O2,155 H2,640 C2,575(+20.61%)·542억"
CASE-0237,237,성공,2022-04-08,엠아이텍,179290,기준봉 패턴,재료→기준봉→상승,기준봉 패턴/재료→기준봉→상승,G5347,스윙 09_주가재료관계 / G5347 + KRX 실측,"매각/M&A(보스턴사이언티픽·올림푸스). 기준봉일 상한가 O8,670 H=C11,000(+29.72%)·1,672억"
CASE-0238,238,성공,2024-05-16,잇츠한불,226320,짝짓기,화장품 테마 동반(후보군),짝짓기/화장품 테마 동반(후보군),G4369;G4371,6-3권 22-2 짝짓기 / G4369·G4371 + KRX 실측,"화장품 테마 동반 상승(한국화장품제조 CASE-0196 상한가일). O14,780 H17,130 C15,700(+11.58%)·428억. 저자 짝짓기 2등주 후보군(선택=한국화장품 0197)"
CASE-0239,239,성공,2024-05-16,코리아나,027050,짝짓기,화장품 테마 동반(후보군),짝짓기/화장품 테마 동반(후보군),G4369;G4371,6-3권 22-2 짝짓기 / G4369·G4371 + KRX 실측,"화장품 테마 동반 상승. O3,335 H3,805 C3,630(+13.08%)·829억. 짝짓기 2등주 후보군"
CASE-0240,240,성공,2024-05-16,제이준코스메틱,025620,짝짓기,화장품 테마 동반(후보군),짝짓기/화장품 테마 동반(후보군),G4369;G4371,6-3권 22-2 짝짓기 / G4369·G4371 + KRX 실측,"화장품 테마 동반 상승. O9,000 H9,950 C9,580(+8.62%)·37억. 짝짓기 2등주 후보군"
CASE-0241,241,성공,2023-02-14,제주반도체,080220,기준봉 패턴,재료→기준봉→상승,기준봉 패턴/재료→기준봉→상승,G5338,스윙 09_주가재료관계 p.27 / G5338 + KRX 실측 + 사용자 키움 원문 확인,"AI 저전력 반도체 기술력 부각(재료 뉴스 02-11 토). 기준봉일(장대양봉+대량거래 타원) 실측 O4,310 H5,340 L4,305 C5,140(+20.66%)·2,441억. ★노트 ""기준봉 02-11""은 재료일 오기 → 키움 원문 확인 결과 기준봉일=**2023-02-14**(사용자 확인)로 정정·해소"
CASE-0242,242,성공,2021-12-07,일동제약,249420,기준봉 패턴,10 예시집,기준봉 패턴/10 예시집,,스윙 10_기준봉Part01 예시집 + KRX 실측,"기준봉일 상한가 H21,550 C21,550(+29.82%)·2,280억(노트 2280억 일치). 저점 반등 기준봉 패턴"
CASE-0243,243,성공,2021-12-13,로보티즈,108490,기준봉 패턴,10 예시집,기준봉 패턴/10 예시집,G5433,스윙 10_기준봉Part01 예시③ / G5433 + KRX 실측,"삼성전자 로봇 사업. 기준봉일 상한가 H16,800 C16,800(+29.73%)·644억(노트 644억 일치). 대기업 재료"
CASE-0244,244,성공,2021-12-21,로보로보,215100,기준봉 패턴,10 예시집,기준봉 패턴/10 예시집,,스윙 10_기준봉Part01 예시집 + KRX 실측,"로봇 테마. 기준봉일 H4,860 C4,430(+18.45%)·1,507억(노트 1507억 일치)"
CASE-0245,245,성공,2021-12-22,하이로닉,149980,기준봉 패턴,10 예시집,기준봉 패턴/10 예시집,,스윙 10_기준봉Part01 예시집 + KRX 실측,"기준봉일 H9,350 C8,700(+18.37%)·864억(노트 864억 일치)"
CASE-0246,246,성공,2021-12-27,퍼스텍,010820,기준봉 패턴,10 예시집,기준봉 패턴/10 예시집,,스윙 10_기준봉Part01 예시집 + KRX 실측,"방산. 기준봉일 상한가 H2,890 C2,890(+29.89%)·1,050억(노트 1050억 일치)"
CASE-0247,247,성공,2021-12-28,알에프세미,096610,기준봉 패턴,10 예시집,기준봉 패턴/10 예시집,,스윙 10_기준봉Part01 예시집 + KRX 실측,"기준봉일 H6,720 C5,980(+15.67%)·669억(노트 669억 일치)"
CASE-0248,248,성공,2021-12-29,비트나인,357880,기준봉 패턴,10 예시집,기준봉 패턴/10 예시집,,스윙 10_기준봉Part01 예시집 + KRX 실측,"기준봉일 H15,450 C14,750(+21.9%)·1,685억(노트 1685억 일치)"
CASE-0249,249,성공,2021-12-30,로스웰,900260,기준봉 패턴,10 예시집,기준봉 패턴/10 예시집,G5427,스윙 10_기준봉Part01 예시② / G5427 + KRX 실측,자회사 中 1.6조 스마트홈 공급. 기준봉일 상한가 H347 C347(+29.96%)·71억(노트 71억 일치)
CASE-0250,250,성공,2022-01-03,EDGC,245620,기준봉 패턴,10 예시집,기준봉 패턴/10 예시집,G5423,스윙 10_기준봉Part01 예시① / G5423 + KRX 실측,"유전자 빅데이터 메타버스. 기준봉일 상한가 H4,225 C4,225(+30.0%)·799억(노트 796~800억·고가 4,225 일치). ※CASE-0102(EDGC 2023-12-08 갭하락)와 별개"
CASE-0251,251,성공,2022-01-03,현대무벡스,319400,기준봉 패턴,10 예시집,기준봉 패턴/10 예시집,,스윙 10_기준봉Part01 예시집 + KRX 실측,"기준봉일 H4,055 C3,900(+24.01%)·839억(노트 796억 근사)"
CASE-0252,252,성공,2022-01-04,KCC,002380,기준봉 패턴,10 예시집,기준봉 패턴/10 예시집,,스윙 10_기준봉Part01 예시집 + KRX 실측,"대형주 기준봉. H389,000 C387,500(+25.4%)·1,994억(노트 1994억 일치)"
CASE-0253,253,성공,2022-01-05,TS트릴리온,317240,기준봉 패턴,10 예시집,기준봉 패턴/10 예시집,,스윙 10_기준봉Part01 예시집 + KRX 실측,"기준봉일 상한가 H1,025 C1,025(+29.58%)·221억(노트 221억 일치). ※CASE-0118(2023-11-29 하한가반등)과 별개"
CASE-0254,254,성공,2022-01-06,한네트,052600,기준봉 패턴,10 예시집,기준봉 패턴/10 예시집,,스윙 10_기준봉Part01 예시집 + KRX 실측,"기준봉일 상한가 H9,240 C9,240(+29.96%)·1,010억(노트 1010억 일치)"
CASE-0255,255,성공,2022-01-07,아진엑스텍,059120,기준봉 패턴,10 예시집,기준봉 패턴/10 예시집,,스윙 10_기준봉Part01 예시집 + KRX 실측,"기준봉일 상한가 H13,300 C13,300(+29.76%)·340억(노트 340억 일치)"
CASE-0256,256,성공,2022-01-07,이랜시스,264850,기준봉 패턴,10 예시집,기준봉 패턴/10 예시집,,스윙 10_기준봉Part01 예시집 + KRX 실측,"기준봉일 H4,085 C3,820(+16.11%)·450억(노트 450억 일치)"
CASE-0257,257,성공,2022-01-11,모다이노칩,080420,기준봉 패턴,10 예시집,기준봉 패턴/10 예시집,,스윙 10_기준봉Part01 예시집 + KRX 실측,"기준봉일 상한가 H4,575 C4,575(+29.97%)·962억(노트 962억 일치)"
CASE-0258,258,성공,2022-01-11,텔레칩스,054450,기준봉 패턴,10 예시집,기준봉 패턴/10 예시집,,스윙 10_기준봉Part01 예시집 + KRX 실측,"기준봉일 H21,450 C20,850(+22.29%)·4,006억(노트 4006억 일치)"
CASE-0259,259,성공,2022-01-11,코이즈,121850,기준봉 패턴,10 예시집,기준봉 패턴/10 예시집,,스윙 10_기준봉Part01 예시집 + KRX 실측,"기준봉일 상한가 H7,290 C7,290(+29.95%)·711억(노트 717억 근사). ※12월 연속 상한가 후 재상승 국면"
CASE-0260,260,성공,2022-01-13,알루코,001780,기준봉 패턴,10 예시집,기준봉 패턴/10 예시집,,스윙 10_기준봉Part01 예시집 + KRX 실측,"기준봉일 H4,485 C4,385(+26.92%)·2,452억(노트 2452억 일치)"
CASE-0261,261,성공,2022-01-18,한국석유,004090,기준봉 패턴,10 예시집,기준봉 패턴/10 예시집,,스윙 10_기준봉Part01 예시집 + KRX 실측,"기준봉일 상한가 H14,100 C14,100(+29.95%)·738억(노트 738억 일치). ※CASE-0210(2023-10-16 이-팔유가)과 별개"
CASE-0262,262,성공,2022-01-20,디와이,013570,기준봉 패턴,10 예시집,기준봉 패턴/10 예시집,,스윙 10_기준봉Part01 예시집 + KRX 실측,"기준봉일 H10,050 C9,520(+23.0%)·1,856억(노트 1856억 일치)"
CASE-0263,263,성공,2022-01-21,대신정보통신,020180,기준봉 패턴,10 예시집,기준봉 패턴/10 예시집,,스윙 10_기준봉Part01 예시집 + KRX 실측,"기준봉일 상한가 H1,540 C1,540(+29.96%)·449억(노트 449억 일치)"
CASE-0264,264,성공,2022-01-24,미래생명자원,218150,기준봉 패턴,10 예시집,기준봉 패턴/10 예시집,,스윙 10_기준봉Part01 예시집 + KRX 실측,"기준봉일 상한가 H4,730 C4,730(+29.95%)·797억(노트 798억 일치)"
CASE-0265,265,성공,2022-01-25,그린케미칼,083420,기준봉 패턴,10 예시집,기준봉 패턴/10 예시집,,스윙 10_기준봉Part01 예시집 + KRX 실측,"기준봉일 상한가 H10,750 C10,750(+29.99%)·736억(노트 736억 일치)"
CASE-0266,266,성공,2022-01-25,희림,037440,기준봉 패턴,10 예시집,기준봉 패턴/10 예시집,,스윙 10_기준봉Part01 예시집 + KRX 실측,"기준봉일 H9,680 C9,680(+27.37%)·526억(노트 526억 일치). ※CASE-0042(2023-10-24 종가관리)와 별개"
CASE-0267,267,성공,2022-02-03,파미셀,005690,기준봉 패턴,10 예시집,기준봉 패턴/10 예시집,,스윙 10_기준봉Part02 예시집 + KRX 실측,"기준봉일 H13,100 C12,550(+23.04%)·674억(노트 674억 일치). 오랜 횡보 후 재상승"
CASE-0268,268,성공,2022-02-04,TJ미디어,032540,기준봉 패턴,10 예시집,기준봉 패턴/10 예시집,,스윙 10_기준봉Part02 예시집 + KRX 실측,"기준봉일 상한가 H6,130 C6,130(+29.87%)·184억(노트 184억 일치)"
CASE-0269,269,성공,2022-02-07,녹십자엠에스,142280,기준봉 패턴,10 예시집,기준봉 패턴/10 예시집,,스윙 10_기준봉Part02 예시집 + KRX 실측,"기준봉일 상한가 H9,070 C9,070(+29.94%)·961억(노트 961억 일치)"
CASE-0270,270,성공,2022-02-09,대원제약,003220,기준봉 패턴,10 예시집,기준봉 패턴/10 예시집,,스윙 10_기준봉Part02 예시집 + KRX 실측,"기준봉일 H20,400 C19,850(+21.04%)·2,648억(노트 2648억 일치, 권리락 이력)"
CASE-0271,271,성공,2022-02-09,메디아나,041920,기준봉 패턴,10 예시집,기준봉 패턴/10 예시집,,스윙 10_기준봉Part02 예시집 + KRX 실측,"기준봉일 상한가 H7,780 C7,780(+29.88%)·392억(노트 392억 일치)"
CASE-0272,272,성공,2022-02-10,무학,033920,기준봉 패턴,10 예시집,기준봉 패턴/10 예시집,,스윙 10_기준봉Part02 예시집 + KRX 실측,"기준봉일 H11,450 C11,200(+25.7%)·603억(노트 603억 일치)"
CASE-0273,273,성공,2022-02-10,엠브레인,169330,기준봉 패턴,10 예시집,기준봉 패턴/10 예시집,,스윙 10_기준봉Part02 예시집 + KRX 실측,"기준봉일 상한가 H11,550 C11,550(+29.63%)·190억(노트 190억 일치, 장기 횡보 후 반등)"
CASE-0274,274,성공,2022-02-10,제주맥주,276730,기준봉 패턴,10 예시집,기준봉 패턴/10 예시집,,스윙 10_기준봉Part02 예시집 + KRX 실측,"기준봉일 상한가 H3,145 C3,145(+29.96%)·1,160억(노트 1160억 일치, 상장 후 저점 반등)"
CASE-0275,275,성공,2022-02-10,피씨엘,241820,기준봉 패턴,10 예시집,기준봉 패턴/10 예시집,,스윙 10_기준봉Part02 예시집 + KRX 실측,"기준봉일 H49,200 C46,650(+21.33%)·619억(노트 619억 일치, 대시세 후 하락 반등)"
CASE-0276,276,성공,2022-02-14,이구산업,025820,기준봉 패턴,10 예시집,기준봉 패턴/10 예시집,,스윙 10_기준봉Part02 예시집 + KRX 실측,"러우 전쟁 원자재·구리. 기준봉일 H5,070 C4,745(+21.51%)·1,965억(노트 1965억 일치). ※CASE-0229(2023-04-03)과 별개"
CASE-0277,277,성공,2022-02-14,지에스이,053050,기준봉 패턴,10 예시집,기준봉 패턴/10 예시집,,스윙 10_기준봉Part02 예시집 + KRX 실측,"러우 전쟁 가스 테마. 기준봉일 상한가 H4,660 C4,660(+29.99%)·2,151억(노트 2151억 일치). ※CASE-0088(2023-10-11)과 별개"
CASE-0278,278,성공,2022-02-15,무림페이퍼,009200,기준봉 패턴,10 예시집,기준봉 패턴/10 예시집,,스윙 10_기준봉Part02 예시집 + KRX 실측,"기준봉일 H3,035 C2,690(+15.2%)·806억(노트 806억 일치, 저점 반등)"
CASE-0279,279,성공,2022-02-15,NHN벅스,104200,기준봉 패턴,10 예시집,기준봉 패턴/10 예시집,,스윙 10_기준봉Part02 예시집 + KRX 실측,"기준봉일 상한가 H14,750 C14,750(+29.96%)·1,205억(노트 1205억 일치)"
CASE-0280,280,성공,2022-02-16,베셀,177350,기준봉 패턴,10 예시집,기준봉 패턴/10 예시집,,스윙 10_기준봉Part02 예시집 + KRX 실측,"기준봉일 상한가 H4,000 C4,000(+29.87%)·50억(노트 50억 일치, 저점 반등 후 급등). ※CASE-0131(2024-01-08)과 별개"
CASE-0281,281,성공,2022-02-16,에너토크,019990,기준봉 패턴,10 예시집,기준봉 패턴/10 예시집,,스윙 10_기준봉Part02 예시집 + KRX 실측,"기준봉일 상한가 H13,650 C13,650(+30.0%)·779억(노트 779억 일치). ※CASE-0191(2024-05-27 원전)과 별개"
CASE-0282,282,성공,2021-12-15,JW신약,067290,기준봉 패턴,10 예시집,기준봉 패턴/10 예시집,,스윙 10_기준봉Part01 예시⑨ + KRX 실측,"아토피 신약 임상+무상증자. 장대양봉 기준봉일 H4,750 C4,305(+13.59%)·445억(노트 445억 일치, 3,700→6,000 급등)"
CASE-0283,283,성공,2022-01-21,우리넷,115440,기준봉 패턴,10 예시집,기준봉 패턴/10 예시집,,스윙 10_기준봉Part01 예시집 + KRX 실측,"기준봉일 H10,700 C9,450(+14.55%)·977억(노트 977억 일치)"
CASE-0284,284,성공,2022-01-14,비엘(前 바이오리더스),142760,기준봉 패턴,10 예시집,기준봉 패턴/10 예시집,G5515,스윙 10_기준봉Part01 예시⑲ / G5515 + KRX 실측,"코로나 치료제(화이자보다 효과 높은 백신). 기준봉일 상한가 O9,400 H10,700 C10,700(+29.70%)·1,400억(노트 1400억 정확 일치). ★2022-01 당시 사명=바이오리더스(현 비엘) — 사명 변경으로 초기 스캔 누락, 코드(142760) 대조로 해소"
CASE-0285,285,성공,2019-11-14,케어랩스,263700,재료매매,기업 매각,재료매매/기업 매각,G6123,재료매매 5권 G6123 + KRX 실측,"데일리블록체인의 케어랩스 지분 29.8% 매각(피매각). 장대양봉 H16,800 C16,150(+24.71%)·355억"
CASE-0286,286,성공,2019-11-14,시티랩스(前 데일리블록체인),139050,재료매매,기업 매각,재료매매/기업 매각,G6123,재료매매 5권 G6123 + KRX 실측,"케어랩스 지분 29.8% 매각 주체. 상한가 H1,140 C1,140(+29.55%)·114억. ※당시 사명 데일리블록체인"
CASE-0287,287,성공,2020-06-15,디와이디(前 MP한강),219550,재료매매,기업 매각,재료매매/기업 매각,G6127,재료매매 5권 G6127 + KRX 실측,MP그룹 미스터피자 매각→재무개선 기대 관련주. 점상한가 O988 C988(+30.00%)·17억. ※당시 사명 MP한강
CASE-0288,288,성공,2020-06-16,현대두산인프라코어(前 두산인프라코어),042670,재료매매,기업 매각,재료매매/기업 매각,G6129,재료매매 5권 G6129 + KRX 실측,"인적분할 후 사업회사 매각(두산 3조 확보). 뉴스 익일 상한가 H7,480 C7,480(+29.86%)·3,656억(대형주). ※당시 사명 두산인프라코어"
CASE-0289,289,성공,2021-03-17,한국맥널티,222980,재료매매,기업 매각,재료매매/기업 매각,G6174,재료매매 5권 G6174 + KRX 실측,"이베이코리아 5조 매각 인수전 대장. 상한가 H9,360 C9,360(+30.00%)·510억"
CASE-0290,290,성공,2020-12-02,키네마스터,139670,재료매매,기업 매각,재료매매/기업 매각,G6136,재료매매 5권 G6136 + KRX 실측,"최대주주 솔본의 경영권/지분 매각 추진(피매각). 상한가 H17,250 C17,250(+29.70%)·795억"
CASE-0291,291,성공,2020-12-02,솔본,035610,재료매매,기업 매각,재료매매/기업 매각,G6136,재료매매 5권 G6136 + KRX 실측,"자회사 키네마스터 지분 매각 주체. 장대양봉 H5,740 C5,250(+14.63%)·1,098억"
CASE-0292,292,성공,2021-06-09,하림,136480,재료매매,기업 매각,재료매매/기업 매각,G6142,재료매매 5권 G6142 + KRX 실측,"이스타항공 인수전 참여. 장대양봉 H4,295 C4,080(+22.34%)·4,145억"
CASE-0293,293,성공,2021-06-09,쌍방울,102280,재료매매,기업 매각,재료매매/기업 매각,G6142,재료매매 5권 G6142 + KRX 실측,"이스타항공 인수전 참여(대장). 상한가 H907 C907(+29.94%)·2,501억"
CASE-0294,294,성공,2022-04-26,페이퍼코리아,001020,재료매매,기업 매각,재료매매/기업 매각,G6148,재료매매 5권 G6148 + KRX 실측,"최대주주 지분 매각 추진. 점상한가 H3,025 C3,025(+29.83%)·701억"
CASE-0295,295,성공,2022-02-23,화성산업,002460,재료매매,경영권 분쟁,재료매매/경영권 분쟁,G6210,재료매매 5권 G6210 + KRX 실측,"경영권 분쟁(기타법인 대량 매집). 장대양봉 H24,500 C23,500(+17.21%)·399억(13,600→24,000)"
CASE-0296,296,성공,2019-12-23,한진칼,180640,재료매매,경영권 분쟁,재료매매/경영권 분쟁,G6222,재료매매 5권 G6222 + KRX 실측,"경영권 분쟁(조원태 vs 조현아·KCGI·반도건설 3자연합). 장대양봉 H46,750 C46,200(+20.00%)·4,211억"
CASE-0297,297,성공,2020-09-03,KMH,122450,재료매매,경영권 분쟁,재료매매/경영권 분쟁,G6240,재료매매 5권 G6240 + KRX 실측,"경영권 분쟁(키스톤PE 사모펀드 2대주주 등극). H12,550 C12,050(+24.74%)·1,156억"
CASE-0298,298,성공,2022-01-05,모다이노칩,080420,재료매매,행사 일정(CES),재료매매/행사 일정(CES),G6295,재료매매 5권 G6295 + KRX 실측,"CES 소니 전기차 진출 최대 수혜. 장대양봉 H4,380 C3,800(+9.99%)·376억. ※CASE-0257(2022-01-11)과 별개"
CASE-0299,299,성공,2021-03-04,덕성,004830,재료매매,정치 테마,재료매매/정치 테마,G6314,재료매매 6권 G6314 + KRX 실측,"윤석열 대선 지지율 테마. 상한가 H10,900 C10,900(+29.92%)·3,406억. ※CASE-0034/0044(2023·2024)와 별개"
CASE-0300,300,성공,2021-03-04,서연,007860,재료매매,정치 테마,재료매매/정치 테마,G6314,재료매매 6권 G6314 + KRX 실측,"윤석열 대선 지지율 테마. 상한가 H13,450 C13,450(+29.95%)·5,777억"
CASE-0301,301,성공,2021-03-25,깨끗한나라,004540,재료매매,정치 테마,재료매매/정치 테마,G6315,재료매매 6권 G6315 + KRX 실측,"윤석열 테마(사외이사 편입). 상한가 H5,530 C5,530(+29.96%)·942억"
CASE-0302,302,성공,2019-05-16,남선알미늄,008350,재료매매,정치 테마,재료매매/정치 테마,G6321,재료매매 6권 G6321 + KRX 실측,"이낙연 총리 대선후보 부각(대장). H4,120 C4,070(+28.39%)·3,375억. ※G6319 placeholder의 확정판"
CASE-0303,303,실패,2020-12-24,동신건설,025950,재료매매,정치 재판(재료 소멸),재료매매/정치 재판(재료 소멸),G6325,재료매매 6권 G6325 + KRX 실측,"이재명 테마 4연속 상한가 후 반전(설거지). 시가 상한가→종가 하한가 O66,800 H66,800 C36,000(-29.96%)·180억"
CASE-0304,304,성공,2020-09-21,에이텍,045660,재료매매,정치 재판,재료매매/정치 재판,G6341,재료매매 6권 G6341 + KRX 실측,"이재명 파기환송심 기대 매집→선고 전 매도. 재료일 C34,750(+0.43%)·정점 10-14 H39,800·D-1 매도 10-15 37,700"
CASE-0305,305,성공,2020-09-21,에이텍티앤,224110,재료매매,정치 재판,재료매매/정치 재판,G6341,재료매매 6권 G6341 + KRX 실측,"이재명 파기환송심 관련주. 재료일권·정점 10-13 H24,450·D-1 매도 10-15 22,650"
CASE-0306,306,실패,2020-11-06,국영지앤엠,006050,재료매매,정치 재판(재료 소멸),재료매매/정치 재판(재료 소멸),G6345,재료매매 6권 G6345 + KRX 실측,"김경수 여론조작 항소심 선고=재료 소멸. 정점~4,500(11-05)→선고 -21.04% C3,340·2,236억"
CASE-0307,307,실패,2020-11-06,한국컴퓨터,054040,재료매매,정치 재판(재료 소멸),재료매매/정치 재판(재료 소멸),G6345,재료매매 6권 G6345 + KRX 실측,"김경수 여론조작 선고=재료 소멸. 정점~3,800→선고 -24.19% C2,820·96억"
CASE-0308,308,성공,2022-02-21,TS트릴리온,317240,재료매매,정치 테마,재료매매/정치 테마,G6352,재료매매 6권 G6352 + KRX 실측,"이재명 단일화 결렬 반사이익. 장대양봉 H1,350 C1,240(+18.10%)·610억. ※CASE-0253(2022-01-05 탈모약)·0118과 별개"
CASE-0309,309,성공,2020-08-07,수산아이앤티,050960,재료매매,정치 인맥주,재료매매/정치 인맥주,G6367,재료매매 6권 G6367 + KRX 실측,"이재명 인맥 관련주. 상한가 H11,000 C11,000(+29.56%)·258억. ※마커 코드 147830은 오기(실 050960)"
CASE-0310,310,성공,2020-08-07,형지엘리트,093240,재료매매,정치 인맥주,재료매매/정치 인맥주,G6367,재료매매 6권 G6367 + KRX 실측,"이재명 인맥 관련주(재료 발생일, 완만 상승형→최고 6,300). H1,850 C1,775(+4.41%)·95억"
CASE-0311,311,성공,2020-11-02,진도,088790,재료매매,정치 인맥주,재료매매/정치 인맥주,G6373,재료매매 6권 G6373 + KRX 실측,"윤석열 인맥 관련주. 장대양봉 H4,935 C4,400(+9.45%)·1,068억"
CASE-0312,312,성공,2020-11-02,모베이스,101330,재료매매,정치 인맥주,재료매매/정치 인맥주,G6373,재료매매 6권 G6373 + KRX 실측,"윤석열 인맥 관련주(재료 발생일, 완만 상승형→최고 6,500). H3,355 C3,295(+5.95%)·31억"
CASE-0313,313,성공,2020-11-02,서연탑메탈,019770,재료매매,정치 인맥주,재료매매/정치 인맥주,G6374,재료매매 6권 G6374 + KRX 실측,"윤석열 인맥 관련주. 장대양봉 H7,340 C7,110(+21.54%)·982억"
CASE-0314,314,성공,2021-11-08,신원종합개발,017000,재료매매,정부 정책,재료매매/정부 정책,G6386,재료매매 6권 G6386 + KRX 실측,"윤석열 주택공급 공약(250만호) 대장. 상한가 H12,100 C12,100(+29.83%)·471억"
CASE-0315,315,성공,2022-04-04,화성밸브,039610,재료매매,정부 정책,재료매매/정부 정책,G6435,재료매매 6권 G6435 + KRX 실측,"서울시 상수관로 교체 대장. 장대양봉 H7,390 C7,100(+20.34%)·503억. ※마커 코드 010660은 오기(실 039610)"
CASE-0316,316,성공,2022-03-23,한신기계,011700,재료매매,정부 정책,재료매매/정부 정책,G6442,재료매매 6권 G6442 + KRX 실측,"친원전(탈원전 백지화) 정책. 상한가 H9,290 C9,290(+29.93%)·5,869억"
CASE-0317,317,성공,2022-03-24,줌인터넷,239340,재료매매,정부 정책,재료매매/정부 정책,G6447,재료매매 6권 G6447 + KRX 실측,"안철수 인수위 IT 정책 대장. 장대양봉 H7,630 C7,630(+10.90%)·609억"
CASE-0318,318,성공,2022-03-14,데이타솔루션,263800,재료매매,정부 정책,재료매매/정부 정책,G6448,재료매매 6권 G6448 + KRX 실측,"안철수 IT 정책 관련주(재료 부각일). H8,920 C7,720(+3.76%)·1,510억. ※CASE-0068/0171과 별개"
CASE-0319,319,성공,2022-03-14,대신정보통신,020180,재료매매,정부 정책,재료매매/정부 정책,G6450,재료매매 6권 G6450 + KRX 실측,"안철수 IT 정책 관련주. 장대양봉 H1,860 C1,670(+15.17%)·1,281억. ※CASE-0263(2022-01-21)과 별개"
CASE-0320,320,성공,2022-03-14,오픈베이스,049480,재료매매,정부 정책,재료매매/정부 정책,G6451,재료매매 6권 G6451 + KRX 실측,"안철수 IT 정책 관련주. H4,080 C3,805(+3.12%)·772억"
CASE-0321,321,성공,2022-03-11,디스플레이텍,066670,재료매매,정부 정책,재료매매/정부 정책,G6456,재료매매 6권 G6456 + KRX 실측,"윤석열 전기차 충전 인프라 확대 정책. 장대양봉 H8,080 C7,390(+9.81%)·542억"
CASE-0322,322,성공,2022-04-26,베셀,177350,재료매매,정부 정책,재료매매/정부 정책,G6458,재료매매 6권 G6458 + KRX 실측,"인수위 UAM 상용화 정책 대장. 상한가 H7,150 C7,150(+30.00%)·415억. ※CASE-0280(2022-02-16)·0131과 별개. 마커 코드 039290은 오기"
CASE-0323,323,성공,2022-05-02,파이버프로,368770,재료매매,정부 정책,재료매매/정부 정책,G6463,재료매매 6권 G6463 + KRX 실측,"인수위 UAM 상용화 관련주. 장대양봉 H6,140 C5,430(+13.84%)·1,777억"
CASE-0324,324,성공,2022-05-02,네온테크,306620,재료매매,정부 정책,재료매매/정부 정책,G6463,재료매매 6권 G6463 + KRX 실측,"인수위 UAM 릴레이(섹터 급등일, 파이버프로 동반). H4,760 C4,505(+3.80%)·614억"
CASE-0325,325,성공,2019-09-17,체시스,033250,재료매매,신선 재료(첫 발생),재료매매/신선 재료(첫 발생),G6484,재료매매 6권 G6484 + KRX 실측,"ASF 국내 첫 발생 대장(연속 상한가). 점상 H2,155(+29.82%)·11억→09-20 971억"
CASE-0326,326,성공,2019-09-17,이글벳,044960,재료매매,신선 재료(첫 발생),재료매매/신선 재료(첫 발생),G6494,재료매매 6권 G6494 + KRX 실측,"ASF 동물백신 관련주. 점상한가 H8,190 C8,190(+30.00%)·53억"
CASE-0327,327,성공,2019-09-17,제일바이오,052670,재료매매,신선 재료(첫 발생),재료매매/신선 재료(첫 발생),G6494,재료매매 6권 G6494 + KRX 실측,"ASF 관련주. 상한가 H5,410 C5,410(+29.89%)·267억"
CASE-0328,328,성공,2020-01-20,진원생명과학,011000,재료매매,신선 재료(첫 발생),재료매매/신선 재료(첫 발생),G6502,재료매매 6권 G6502 + KRX 실측,"코로나19 국내 첫 발생 백신/치료제. 상한가 H3,155 C3,155(+29.84%)·220억"
CASE-0329,329,성공,2020-01-20,웰크론,065950,재료매매,신선 재료(첫 발생),재료매매/신선 재료(첫 발생),G6502,재료매매 6권 G6502 + KRX 실측,"코로나19 마스크 관련주. 장대양봉 H4,945 C4,855(+23.22%)·1,741억"
CASE-0330,330,성공,2022-05-23,HK이노엔,195940,재료매매,신선 재료(첫 발생),재료매매/신선 재료(첫 발생),G6547,재료매매 6권 G6547 + KRX 실측,"원숭이두창 천연두 백신 관련주. 장대양봉 H52,300 C47,500(+17.43%)·4,426억"
CASE-0331,331,성공,2022-05-23,파미셀,005690,재료매매,신선 재료(첫 발생),재료매매/신선 재료(첫 발생),G6547,재료매매 6권 G6547 + KRX 실측,"원숭이두창 관련주. H16,300 C14,550(+8.18%)·2,450억. ※CASE-0267(2022-02-03)과 별개"
CASE-0332,332,성공,2022-05-23,미코바이오메드,214610,재료매매,신선 재료(첫 발생),재료매매/신선 재료(첫 발생),G6548,재료매매 6권 G6548 + KRX 실측,"원숭이두창 진단 관련주. 장대양봉 H8,020 C7,930(+14.93%)·71억. ※CASE-0108(2023-11-24)과 별개"
CASE-0333,333,성공,2022-05-23,녹십자엠에스,142280,재료매매,신선 재료(첫 발생),재료매매/신선 재료(첫 발생),G6548,재료매매 6권 G6548 + KRX 실측,"원숭이두창 진단/백신 관련주. 장대양봉 H9,040 C8,740(+25.57%)·1,268억. ※CASE-0269(2022-02-07)과 별개"
